PAGE_NAME,COLUMN_NAME,DATA_TYPE,IS_PERCENT_DATA,DESCRIPTION,REFERENCE
Demographics,State_FIPS_Code,Text,N,"Two-digit state identifier, developed by the National Bureau of Standards","Data Sources, Definitions, and Notes, Page 6"
Demographics,County_FIPS_Code,Text,N,"Three-digit county identifier, developed by the National Bureau of Standards","Data Sources, Definitions, and Notes, Page 6"
Demographics,CHSI_County_Name,Text,N,Name of county,
Demographics,CHSI_State_Name,Text,N,Name of State or District of Columbia,
Demographics,CHSI_State_Abbr,Text,N,Two-character postal abbreviation for state name,
Demographics,Strata_ID_Number,Integer,N,CHSI Peer County Stratum Number,"Data Sources, Definitions, and Notes, Pages 6-8"
Demographics,Strata_Determining_Factors,Text,N,Listing of strata factors,"Data Sources, Definitions, and Notes, Pages 6-8"
Demographics,Number_Counties,Integer,N,Number of peer counties,"Data Sources, Definitions, and Notes, Page 8"
Demographics,Population_Size,Integer,N,"County data, population size","Data Sources, Definitions, and Notes, Page 4"
Demographics,Min_Population_Size,Integer,N,"Tenth percentile from peer counties, population size","Data Sources, Definitions, and Notes, Pages 4-5"
Demographics,Max_Population_Size,Integer,N,"Nintieth percentile from peer counties, population size","Data Sources, Definitions, and Notes, Pages 4-5"
Demographics,Population_Density,Integer,N,"County data, population density (people per square mile)","Data Sources, Definitions, and Notes, Page 4"
Demographics,Min_Population_Density,Integer,N,"Tenth percentile from peer counties, population density (people per square mile)","Data Sources, Definitions, and Notes, Pages 4-5"
Demographics,Max_Population_Density,Integer,N,"Nintieth percentile from peer counties, population density (people per square mile)","Data Sources, Definitions, and Notes, Pages 4-5"
Demographics,Poverty,Decimal,Y,"County data, individuals living below poverty level","Data Sources, Definitions, and Notes, Page 5"
Demographics,Min_Poverty,Decimal,Y,"Tenth percentile from peer counties, individuals living below poverty level","Data Sources, Definitions, and Notes, Page 5"
Demographics,Max_Poverty,Decimal,Y,"Nintieth percentile from peer counties, individuals living below poverty level","Data Sources, Definitions, and Notes, Page 5"
Demographics,Age_19_Under,Decimal,Y,"County data, population under age 19","Data Sources, Definitions, and Notes, Page 5"
Demographics,Min_Age_19_Under,Decimal,Y,"Tenth percentile from peer counties, population under age 19","Data Sources, Definitions, and Notes, Page 5"
Demographics,Max_Age_19_Under,Decimal,Y,"Nintieth percentile from peer counties, population under age 19","Data Sources, Definitions, and Notes, Page 5"
Demographics,Age_19_64,Decimal,Y,"County data, population age 19-64","Data Sources, Definitions, and Notes, Page 5"
Demographics,Min_Age_19_64,Decimal,Y,"Tenth percentile from peer counties, population age 19-64","Data Sources, Definitions, and Notes, Page 5"
Demographics,Max_Age_19_65,Decimal,Y,"Nintieth percentile from peer counties, population age 19-64","Data Sources, Definitions, and Notes, Page 5"
Demographics,Age_65_84,Decimal,Y,"County data, population age 65-84","Data Sources, Definitions, and Notes, Page 5"
Demographics,Min_Age_65_84,Decimal,Y,"Tenth percentile from peer counties, population age 65-84","Data Sources, Definitions, and Notes, Page 5"
Demographics,Max_Age_65_85,Decimal,Y,"Nintieth percentile from peer counties, population age 65-84","Data Sources, Definitions, and Notes, Page 5"
Demographics,Age_85_and_Over,Decimal,Y,"County data, population age 85+","Data Sources, Definitions, and Notes, Page 5"
Demographics,Min_Age_85_and_Over,Decimal,Y,"Tenth percentile from peer counties, population age 85+","Data Sources, Definitions, and Notes, Page 5"
Demographics,Max_Age_85_and_Over,Decimal,Y,"Nintieth percentile from peer counties, population age 85+","Data Sources, Definitions, and Notes, Page 5"
Demographics,White,Decimal,Y,"County data, White","Data Sources, Definitions, and Notes, Page 5"
Demographics,Min_White,Decimal,Y,"Tenth percentile from peer counties, White","Data Sources, Definitions, and Notes, Page 5"
Demographics,Max_White,Decimal,Y,"Nintieth percentile from peer counties, White","Data Sources, Definitions, and Notes, Page 5"
Demographics,Black,Decimal,Y,"County data, Black","Data Sources, Definitions, and Notes, Page 5"
Demographics,Min_Black,Decimal,Y,"Tenth percentile from peer counties, Black","Data Sources, Definitions, and Notes, Page 5"
Demographics,Max_Black,Decimal,Y,"Nintieth percentile from peer counties, Black","Data Sources, Definitions, and Notes, Page 5"
Demographics,Native_American,Decimal,Y,"County data, American Indian","Data Sources, Definitions, and Notes, Page 5"
Demographics,Min_Native_American,Decimal,Y,"Tenth percentile from peer counties, American Indian","Data Sources, Definitions, and Notes, Page 5"
Demographics,Max_Native_American,Decimal,Y,"Nintieth percentile from peer counties, American Indian","Data Sources, Definitions, and Notes, Page 5"
Demographics,Asian,Decimal,Y,"County data, Asian/Pacific Islander","Data Sources, Definitions, and Notes, Page 5"
Demographics,Min_Asian,Decimal,Y,"Tenth percentile from peer counties, Asian/Pacific Islander","Data Sources, Definitions, and Notes, Page 5"
Demographics,Max_Asian,Decimal,Y,"Nintieth percentile from peer counties, Asian/Pacific Islander","Data Sources, Definitions, and Notes, Page 5"
Demographics,Hispanic,Decimal,Y,"County data, Hispanic origin","Data Sources, Definitions, and Notes, Page 5"
Demographics,Min_Hispanic,Decimal,Y,"Tenth percentile from peer counties, Hispanic origin","Data Sources, Definitions, and Notes, Page 5"
Demographics,Max_Hispanic,Decimal,Y,"Nintieth percentile from peer counties, Hispanic origin","Data Sources, Definitions, and Notes, Page 5"
SummaryMeasuresOfHealth,State_FIPS_Code,Text,N,"Two-digit state identifier, developed by the National Bureau of Standards","Data Sources, Definitions, and Notes, Page 6"
SummaryMeasuresOfHealth,County_FIPS_Code,Text,N,"Three-digit county identifier, developed by the National Bureau of Standards","Data Sources, Definitions, and Notes, Page 6"
SummaryMeasuresOfHealth,CHSI_County_Name,Text,N,Name of county,
SummaryMeasuresOfHealth,CHSI_State_Name,Text,N,Name of State or District of Columbia,
SummaryMeasuresOfHealth,CHSI_State_Abbr,Text,N,Two-character postal abbreviation for state name,
SummaryMeasuresOfHealth,Strata_ID_Number,Integer,N,CHSI Peer County Stratum Number,"Data Sources, Definitions, and Notes, Pages 6-8"
SummaryMeasuresOfHealth,ALE,Decimal,N,"County data, average life expectancy","Data Sources, Definitions, and Notes, Page 9"
SummaryMeasuresOfHealth,Min_ALE,Decimal,N,"Tenth percentile from peer counties, average life expectancy","Data Sources, Definitions, and Notes, Page 9"
SummaryMeasuresOfHealth,Max_ALE,Decimal,N,"Nintieth percentile from peer counties, average life expectancy","Data Sources, Definitions, and Notes, Page 9"
SummaryMeasuresOfHealth,US_ALE,Decimal,N,"Medium for all U.S. counties, average life expectancy","Data Sources, Definitions, and Notes, Page 9"
SummaryMeasuresOfHealth,All_Death,Decimal,N,"County data, all causes of death","Data Sources, Definitions, and Notes, Page 9"
SummaryMeasuresOfHealth,Min_All_Death,Decimal,N,"Tenth percentile from peer counties, all causes of death","Data Sources, Definitions, and Notes, Page 9"
SummaryMeasuresOfHealth,Max_All_Death,Decimal,N,"Nintieth percentile from peer counties, all causes of death","Data Sources, Definitions, and Notes, Page 9"
SummaryMeasuresOfHealth,US_All_Death,Decimal,N,"Medium for all U.S. counties, all causes of death","Data Sources, Definitions, and Notes, Page 9"
SummaryMeasuresOfHealth,CI_Min_All_Death,Decimal,N,"Confidence interval lower limit, all causes of death","Data Sources, Definitions, and Notes, Page 9"
SummaryMeasuresOfHealth,CI_Max_All_Death,Decimal,N,"Confidence interval upper limit, all causes of death","Data Sources, Definitions, and Notes, Page 9"
SummaryMeasuresOfHealth,Health_Status,Decimal,Y,"County data, self-rated health status","Data Sources, Definitions, and Notes, Page 9-10"
SummaryMeasuresOfHealth,Min_Health_Status,Decimal,Y,"Tenth percentile from peer counties, self-rated health status","Data Sources, Definitions, and Notes, Page 9-10"
SummaryMeasuresOfHealth,Max_Health_Status,Decimal,Y,"Nintieth percentile from peer counties, self-rated health status","Data Sources, Definitions, and Notes, Page 9-10"
SummaryMeasuresOfHealth,US_Health_Status,Decimal,Y,"Medium for all U.S. counties, self-rated health status","Data Sources, Definitions, and Notes, Page 9-10"
SummaryMeasuresOfHealth,CI_Min_Health_Status,Decimal,Y,"Confidence interval lower limit, self-rated health status","Data Sources, Definitions, and Notes, Page 9-10"
SummaryMeasuresOfHealth,CI_Max_Health_Status,Decimal,Y,"Confidence interval upper limit, self-rated health status","Data Sources, Definitions, and Notes, Page 9-10"
SummaryMeasuresOfHealth,Unhealthy_Days,Decimal,N,"County data, average number of unhealthy days in past month","Data Sources, Definitions, and Notes, Page 10"
SummaryMeasuresOfHealth,Min_Unhealthy_Days,Decimal,N,"Tenth percentile from peer counties, average number of unhealthy days in past month","Data Sources, Definitions, and Notes, Page 10"
SummaryMeasuresOfHealth,Max_Unhealthy_Days,Decimal,N,"Nintieth percentile from peer counties, average number of unhealthy days in past month","Data Sources, Definitions, and Notes, Page 10"
SummaryMeasuresOfHealth,US_Unhealthy_Days,Decimal,N,"Medium for all U.S. counties, average number of unhealthy days in past month","Data Sources, Definitions, and Notes, Page 10"
SummaryMeasuresOfHealth,CI_Min_Unhealthy_Days,Decimal,N,"Confidence interval lower limit, average number of unhealthy days in past month","Data Sources, Definitions, and Notes, Page 10"
SummaryMeasuresOfHealth,CI_Max_Unhealthy_Days,Decimal,N,"Confidence interval upper limit, average number of unhealthy days in past month","Data Sources, Definitions, and Notes, Page 10"
LeadingCausesOfDeath,State_FIPS_Code,Text,N,"Two-digit state identifier, developed by the National Bureau of Standards","Data Sources, Definitions, and Notes, Page 6"
LeadingCausesOfDeath,County_FIPS_Code,Text,N,"Three-digit county identifier, developed by the National Bureau of Standards","Data Sources, Definitions, and Notes, Page 6"
LeadingCausesOfDeath,CHSI_County_Name,Text,N,Name of county,
LeadingCausesOfDeath,CHSI_State_Name,Text,N,Name of State or District of Columbia,
LeadingCausesOfDeath,CHSI_State_Abbr,Text,N,Two-character postal abbreviation for state name,
LeadingCausesOfDeath,Strata_ID_Number,Integer,N,CHSI Peer County Stratum Number,"Data Sources, Definitions, and Notes, Pages 6-8"
LeadingCausesOfDeath,A_Wh_Comp,Integer,Y,"County data, under age 1, complications of pregnancy/birth, White","Data Sources, Definitions, and Notes, Page 10-12"
LeadingCausesOfDeath,CI_Min_A_Wh_Comp,Integer,Y,"Confidence interval lower limit, under age 1, complications of pregnancy/birth, White","Data Sources, Definitions, and Notes, Page 10-12"
LeadingCausesOfDeath,CI_Max_A_Wh_Comp,Integer,Y,"Confidence interval upper limit, under age 1, complications of pregnancy/birth, White","Data Sources, Definitions, and Notes, Page 10-12"
LeadingCausesOfDeath,A_Bl_Comp,Integer,Y,"County data, under age 1, complications of pregnancy/birth, Black","Data Sources, Definitions, and Notes, Page 10-12"
LeadingCausesOfDeath,CI_Min_A_Bl_Comp,Integer,Y,"Confidence interval lower limit, under age 1, complications of pregnancy/birth, Black","Data Sources, Definitions, and Notes, Page 10-12"
LeadingCausesOfDeath,CI_Max_A_Bl_Comp,Integer,Y,"Confidence interval upper limit, under age 1, complications of pregnancy/birth, Black","Data Sources, Definitions, and Notes, Page 10-12"
LeadingCausesOfDeath,A_Ot_Comp,Integer,Y,"County data, under age 1, complications of pregnancy/birth, other","Data Sources, Definitions, and Notes, Page 10-12"
LeadingCausesOfDeath,CI_Min_A_Ot_Comp,Integer,Y,"Confidence interval lower limit, under age 1, complications of pregnancy/birth, other","Data Sources, Definitions, and Notes, Page 10-12"
LeadingCausesOfDeath,CI_Max_A_Ot_Comp,Integer,Y,"Confidence interval upper limit, under age 1, complications of pregnancy/birth, other","Data Sources, Definitions, and Notes, Page 10-12"
LeadingCausesOfDeath,A_Hi_Comp,Integer,Y,"County data, under age 1, complications of pregnancy/birth, Hispanic","Data Sources, Definitions, and Notes, Page 10-12"
LeadingCausesOfDeath,CI_Min_A_Hi_Comp,Integer,Y,"Confidence interval lower limit, under age 1, complications of pregnancy/birth, Hispanic","Data Sources, Definitions, and Notes, Page 10-12"
LeadingCausesOfDeath,CI_Max_A_Hi_Comp,Integer,Y,"Confidence interval upper limit, under age 1, complications of pregnancy/birth, Hispanic","Data Sources, Definitions, and Notes, Page 10-12"
LeadingCausesOfDeath,A_Wh_BirthDef,Integer,Y,"County data, under age 1, birth defects, White","Data Sources, Definitions, and Notes, Page 10-12"
LeadingCausesOfDeath,CI_Min_A_Wh_BirthDef,Integer,Y,"Confidence interval lower limit, under age 1, birth defects, White","Data Sources, Definitions, and Notes, Page 10-12"
LeadingCausesOfDeath,CI_Max_A_Wh_BirthDef,Integer,Y,"Confidence interval upper limit, under age 1, birth defects, White","Data Sources, Definitions, and Notes, Page 10-12"
LeadingCausesOfDeath,A_Bl_BirthDef,Integer,Y,"County data, under age 1, birth defects, Black","Data Sources, Definitions, and Notes, Page 10-12"
LeadingCausesOfDeath,CI_Min_A_Bl_BirthDef,Integer,Y,"Confidence interval lower limit, under age 1, birth defects, Black","Data Sources, Definitions, and Notes, Page 10-12"
LeadingCausesOfDeath,CI_Max_A_Bl_BirthDef,Integer,Y,"Confidence interval upper limit, under age 1, birth defects, Black","Data Sources, Definitions, and Notes, Page 10-12"
LeadingCausesOfDeath,A_Ot_BirthDef,Integer,Y,"County data, under age 1, birth defects, other","Data Sources, Definitions, and Notes, Page 10-12"
LeadingCausesOfDeath,CI_Min_A_Ot_BirthDef,Integer,Y,"Confidence interval lower limit, under age 1, birth defects, other","Data Sources, Definitions, and Notes, Page 10-12"
LeadingCausesOfDeath,CI_Max_A_Ot_BirthDef,Integer,Y,"Confidence interval upper limit, under age 1, birth defects, other","Data Sources, Definitions, and Notes, Page 10-12"
LeadingCausesOfDeath,A_Hi_BirthDef,Integer,Y,"County data, under age 1, birth defects, Hispanic","Data Sources, Definitions, and Notes, Page 10-12"
LeadingCausesOfDeath,CI_Min_A_Hi_BirthDef,Integer,Y,"Confidence interval lower limit, under age 1, birth defects, Hispanic","Data Sources, Definitions, and Notes, Page 10-12"
LeadingCausesOfDeath,CI_Max_A_Hi_BirthDef,Integer,Y,"Confidence interval upper limit, under age 1, birth defects, Hispanic","Data Sources, Definitions, and Notes, Page 10-12"
LeadingCausesOfDeath,B_Wh_Injury,Integer,Y,"County data, ages 1-14, injuries, White","Data Sources, Definitions, and Notes, Page 10-12"
LeadingCausesOfDeath,CI_Min_B_Wh_Injury,Integer,Y,"Confidence interval lower limit, ages 1-14, injuries, White","Data Sources, Definitions, and Notes, Page 10-12"
LeadingCausesOfDeath,CI_Max_B_Wh_Injury,Integer,Y,"Confidence interval upper limit, ages 1-14, injuries, White","Data Sources, Definitions, and Notes, Page 10-12"
LeadingCausesOfDeath,B_Bl_Injury,Integer,Y,"County data, ages 1-14, injuries, Black","Data Sources, Definitions, and Notes, Page 10-12"
LeadingCausesOfDeath,CI_Min_B_Bl_Injury,Integer,Y,"Confidence interval lower limit, ages 1-14, injuries, Black","Data Sources, Definitions, and Notes, Page 10-12"
LeadingCausesOfDeath,CI_Max_B_Bl_Injury,Integer,Y,"Confidence interval upper limit, ages 1-14, injuries, Black","Data Sources, Definitions, and Notes, Page 10-12"
LeadingCausesOfDeath,B_Ot_Injury,Integer,Y,"County data, ages 1-14, injuries, other","Data Sources, Definitions, and Notes, Page 10-12"
LeadingCausesOfDeath,CI_Min_B_Ot_Injury,Integer,Y,"Confidence interval lower limit, ages 1-14, injuries, other","Data Sources, Definitions, and Notes, Page 10-12"
LeadingCausesOfDeath,CI_Max_B_Ot_Injury,Integer,Y,"Confidence interval upper limit, ages 1-14, injuries, other","Data Sources, Definitions, and Notes, Page 10-12"
LeadingCausesOfDeath,B_Hi_Injury,Integer,Y,"County data, ages 1-14, injuries, Hispanic","Data Sources, Definitions, and Notes, Page 10-12"
LeadingCausesOfDeath,CI_Min_B_Hi_Injury,Integer,Y,"Confidence interval lower limit, ages 1-14, injuries, Hispanic","Data Sources, Definitions, and Notes, Page 10-12"
LeadingCausesOfDeath,CI_Max_B_Hi_Injury,Integer,Y,"Confidence interval upper limit, ages 1-14, injuries, Hispanic","Data Sources, Definitions, and Notes, Page 10-12"
LeadingCausesOfDeath,B_Wh_Cancer,Integer,Y,"County data, ages 1-14, cancer, White","Data Sources, Definitions, and Notes, Page 10-12"
LeadingCausesOfDeath,CI_Min_B_Wh_Cancer,Integer,Y,"Confidence interval lower limit, ages 1-14, cancer, White","Data Sources, Definitions, and Notes, Page 10-12"
LeadingCausesOfDeath,CI_Max_B_Wh_Cancer,Integer,Y,"Confidence interval upper limit, ages 1-14, cancer, White","Data Sources, Definitions, and Notes, Page 10-12"
LeadingCausesOfDeath,B_Bl_Cancer,Integer,Y,"County data, ages 1-14, cancer, Black","Data Sources, Definitions, and Notes, Page 10-12"
LeadingCausesOfDeath,CI_Min_B_Bl_Cancer,Integer,Y,"Confidence interval lower limit, ages 1-14, cancer, Black","Data Sources, Definitions, and Notes, Page 10-12"
LeadingCausesOfDeath,CI_Max_B_Bl_Cancer,Integer,Y,"Confidence interval upper limit, ages 1-14, cancer, Black","Data Sources, Definitions, and Notes, Page 10-12"
LeadingCausesOfDeath,B_Ot_Cancer,Integer,Y,"County data, ages 1-14, cancer, other","Data Sources, Definitions, and Notes, Page 10-12"
LeadingCausesOfDeath,CI_Min_B_Ot_Cancer,Integer,Y,"Confidence interval lower limit, ages 1-14, cancer, other","Data Sources, Definitions, and Notes, Page 10-12"
LeadingCausesOfDeath,CI_Max_B_Ot_Cancer,Integer,Y,"Confidence interval upper limit, ages 1-14, cancer, other","Data Sources, Definitions, and Notes, Page 10-12"
LeadingCausesOfDeath,B_Hi_Cancer,Integer,Y,"County data, ages 1-14, cancer, Hispanic","Data Sources, Definitions, and Notes, Page 10-12"
LeadingCausesOfDeath,CI_Min_B_Hi_Cancer,Integer,Y,"Confidence interval lower limit, ages 1-14, cancer, Hispanic","Data Sources, Definitions, and Notes, Page 10-12"
LeadingCausesOfDeath,CI_Max_B_Hi_Cancer,Integer,Y,"Confidence interval upper limit, ages 1-14, cancer, Hispanic","Data Sources, Definitions, and Notes, Page 10-12"
LeadingCausesOfDeath,B_Wh_Homicide,Integer,Y,"County data, ages 1-14, homicide, White","Data Sources, Definitions, and Notes, Page 10-12"
LeadingCausesOfDeath,CI_Min_B_Wh_Homicide,Integer,Y,"Confidence interval lower limit, ages 1-14, homicide, White","Data Sources, Definitions, and Notes, Page 10-12"
LeadingCausesOfDeath,CI_Max_B_Wh_Homicide,Integer,Y,"Confidence interval upper limit, ages 1-14, homicide, White","Data Sources, Definitions, and Notes, Page 10-12"
LeadingCausesOfDeath,B_Bl_Homicide,Integer,Y,"County data, ages 1-14, homicide, Black","Data Sources, Definitions, and Notes, Page 10-12"
LeadingCausesOfDeath,CI_Min_B_Bl_Homicide,Integer,Y,"Confidence interval lower limit, ages 1-14, homicide, Black","Data Sources, Definitions, and Notes, Page 10-12"
LeadingCausesOfDeath,CI_Max_B_Bl_Homicide,Integer,Y,"Confidence interval upper limit, ages 1-14, homicide, Black","Data Sources, Definitions, and Notes, Page 10-12"
LeadingCausesOfDeath,B_Ot_Homicide,Integer,Y,"County data, ages 1-14, homicide, other","Data Sources, Definitions, and Notes, Page 10-12"
LeadingCausesOfDeath,CI_Min_B_Ot_Homicide,Integer,Y,"Confidence interval lower limit, ages 1-14, homicide, other","Data Sources, Definitions, and Notes, Page 10-12"
LeadingCausesOfDeath,CI_Max_B_Ot_Homicide,Integer,Y,"Confidence interval upper limit, ages 1-14, homicide, other","Data Sources, Definitions, and Notes, Page 10-12"
LeadingCausesOfDeath,B_Hi_Homicide,Integer,Y,"County data, ages 1-14, homicide, Hispanic","Data Sources, Definitions, and Notes, Page 10-12"
LeadingCausesOfDeath,CI_Min_B_Hi_Homicide,Integer,Y,"Confidence interval lower limit, ages 1-14, homicide, Hispanic","Data Sources, Definitions, and Notes, Page 10-12"
LeadingCausesOfDeath,CI_Max_B_Hi_Homicide,Integer,Y,"Confidence interval upper limit, ages 1-14, homicide, Hispanic","Data Sources, Definitions, and Notes, Page 10-12"
LeadingCausesOfDeath,C_Wh_Injury,Integer,Y,"County data, ages 15-24, injuries, White","Data Sources, Definitions, and Notes, Page 10-12"
LeadingCausesOfDeath,CI_Min_C_Wh_Injury,Integer,Y,"Confidence interval lower limit, ages 15-24, injuries, White","Data Sources, Definitions, and Notes, Page 10-12"
LeadingCausesOfDeath,CI_Max_C_Wh_Injury,Integer,Y,"Confidence interval upper limit, ages 15-24, injuries, White","Data Sources, Definitions, and Notes, Page 10-12"
LeadingCausesOfDeath,C_Bl_Injury,Integer,Y,"County data, ages 15-24, injuries, Black","Data Sources, Definitions, and Notes, Page 10-12"
LeadingCausesOfDeath,CI_Min_C_Bl_Injury,Integer,Y,"Confidence interval lower limit, ages 15-24, injuries, Black","Data Sources, Definitions, and Notes, Page 10-12"
LeadingCausesOfDeath,CI_Max_C_Bl_Injury,Integer,Y,"Confidence interval upper limit, ages 15-24, injuries, Black","Data Sources, Definitions, and Notes, Page 10-12"
LeadingCausesOfDeath,C_Ot_Injury,Integer,Y,"County data, ages 15-24, injuries, other","Data Sources, Definitions, and Notes, Page 10-12"
LeadingCausesOfDeath,CI_Min_C_Ot_Injury,Integer,Y,"Confidence interval lower limit, ages 15-24, injuries, other","Data Sources, Definitions, and Notes, Page 10-12"
LeadingCausesOfDeath,CI_Max_C_Ot_Injury,Integer,Y,"Confidence interval upper limit, ages 15-24, injuries, other","Data Sources, Definitions, and Notes, Page 10-12"
LeadingCausesOfDeath,C_Hi_Injury,Integer,Y,"County data, ages 15-24, injuries, Hispanic","Data Sources, Definitions, and Notes, Page 10-12"
LeadingCausesOfDeath,CI_Min_C_Hi_Injury,Integer,Y,"Confidence interval lower limit, ages 15-24, injuries, Hispanic","Data Sources, Definitions, and Notes, Page 10-12"
LeadingCausesOfDeath,CI_Max_C_Hi_Injury,Integer,Y,"Confidence interval upper limit, ages 15-24, injuries, Hispanic","Data Sources, Definitions, and Notes, Page 10-12"
LeadingCausesOfDeath,C_Wh_Homicide,Integer,Y,"County data, ages 15-24, homicide, White","Data Sources, Definitions, and Notes, Page 10-12"
LeadingCausesOfDeath,CI_Min_C_Wh_Homicide,Integer,Y,"Confidence interval lower limit, ages 15-24, homicide, White","Data Sources, Definitions, and Notes, Page 10-12"
LeadingCausesOfDeath,CI_Max_C_Wh_Homicide,Integer,Y,"Confidence interval upper limit, ages 15-24, homicide, White","Data Sources, Definitions, and Notes, Page 10-12"
LeadingCausesOfDeath,C_Bl_Homicide,Integer,Y,"County data, ages 15-24, homicide, Black","Data Sources, Definitions, and Notes, Page 10-12"
LeadingCausesOfDeath,CI_Min_C_Bl_Homicide,Integer,Y,"Confidence interval lower limit, ages 15-24, homicide, Black","Data Sources, Definitions, and Notes, Page 10-12"
LeadingCausesOfDeath,CI_Max_C_Bl_Homicide,Integer,Y,"Confidence interval upper limit, ages 15-24, homicide, Black","Data Sources, Definitions, and Notes, Page 10-12"
LeadingCausesOfDeath,C_Ot_homicide,Integer,Y,"County data, ages 15-24, homicide, other","Data Sources, Definitions, and Notes, Page 10-12"
LeadingCausesOfDeath,CI_Min_C_Ot_homicide,Integer,Y,"Confidence interval lower limit, ages 15-24, homicide, other","Data Sources, Definitions, and Notes, Page 10-12"
LeadingCausesOfDeath,CI_Max_C_Ot_homicide,Integer,Y,"Confidence interval upper limit, ages 15-24, homicide, other","Data Sources, Definitions, and Notes, Page 10-12"
LeadingCausesOfDeath,C_Hi_Homicide,Integer,Y,"County data, ages 15-24, homicide, Hispanic","Data Sources, Definitions, and Notes, Page 10-12"
LeadingCausesOfDeath,CI_Min_C_Hi_Homicide,Integer,Y,"Confidence interval lower limit, ages 15-24, homicide, Hispanic","Data Sources, Definitions, and Notes, Page 10-12"
LeadingCausesOfDeath,CI_Max_C_Hi_Homicide,Integer,Y,"Confidence interval upper limit, ages 15-24, homicide, Hispanic","Data Sources, Definitions, and Notes, Page 10-12"
LeadingCausesOfDeath,C_Wh_Suicide,Integer,Y,"County data, ages 15-24, suicide, White","Data Sources, Definitions, and Notes, Page 10-12"
LeadingCausesOfDeath,CI_Min_C_Wh_Suicide,Integer,Y,"Confidence interval lower limit, ages 15-24, suicide, White","Data Sources, Definitions, and Notes, Page 10-12"
LeadingCausesOfDeath,CI_Max_C_Wh_Suicide,Integer,Y,"Confidence interval upper limit, ages 15-24, suicide, White","Data Sources, Definitions, and Notes, Page 10-12"
LeadingCausesOfDeath,C_Bl_Suicide,Integer,Y,"County data, ages 15-24, suicide, Black","Data Sources, Definitions, and Notes, Page 10-12"
LeadingCausesOfDeath,CI_Min_C_Bl_Suicide,Integer,Y,"Confidence interval lower limit, ages 15-24, suicide, Black","Data Sources, Definitions, and Notes, Page 10-12"
LeadingCausesOfDeath,CI_Max_C_Bl_Suicide,Integer,Y,"Confidence interval upper limit, ages 15-24, suicide, Black","Data Sources, Definitions, and Notes, Page 10-12"
LeadingCausesOfDeath,C_Ot_Suicide,Integer,Y,"County data, ages 15-24, suicide, other","Data Sources, Definitions, and Notes, Page 10-12"
LeadingCausesOfDeath,CI_Min_C_Ot_Suicide,Integer,Y,"Confidence interval lower limit, ages 15-24, suicide, other","Data Sources, Definitions, and Notes, Page 10-12"
LeadingCausesOfDeath,CI_Max_C_Ot_Suicide,Integer,Y,"Confidence interval upper limit, ages 15-24, suicide, other","Data Sources, Definitions, and Notes, Page 10-12"
LeadingCausesOfDeath,C_Hi_Suicide,Integer,Y,"County data, ages 15-24, suicide, Hispanic","Data Sources, Definitions, and Notes, Page 10-12"
LeadingCausesOfDeath,CI_Min_C_Hi_Suicide,Integer,Y,"Confidence interval lower limit, ages 15-24, suicide, Hispanic","Data Sources, Definitions, and Notes, Page 10-12"
LeadingCausesOfDeath,CI_Max_C_Hi_Suicide,Integer,Y,"Confidence interval upper limit, ages 15-24, suicide, Hispanic","Data Sources, Definitions, and Notes, Page 10-12"
LeadingCausesOfDeath,C_Wh_Cancer,Integer,Y,"County data, ages 15-24, cancer, White","Data Sources, Definitions, and Notes, Page 10-12"
LeadingCausesOfDeath,CI_Min_C_Wh_Cancer,Integer,Y,"Confidence interval lower limit, ages 15-24, cancer, White","Data Sources, Definitions, and Notes, Page 10-12"
LeadingCausesOfDeath,CI_Max_C_Wh_Cancer,Integer,Y,"Confidence interval upper limit, ages 15-24, cancer, White","Data Sources, Definitions, and Notes, Page 10-12"
LeadingCausesOfDeath,C_Bl_Cancer,Integer,Y,"County data, ages 15-24, cancer, Black","Data Sources, Definitions, and Notes, Page 10-12"
LeadingCausesOfDeath,CI_Min_C_Bl_Cancer,Integer,Y,"Confidence interval lower limit, ages 15-24, cancer, Black","Data Sources, Definitions, and Notes, Page 10-12"
LeadingCausesOfDeath,CI_Max_C_Bl_Cancer,Integer,Y,"Confidence interval upper limit, ages 15-24, cancer, Black","Data Sources, Definitions, and Notes, Page 10-12"
LeadingCausesOfDeath,C_Ot_Cancer,Integer,Y,"County data, ages 15-24, cancer, other","Data Sources, Definitions, and Notes, Page 10-12"
LeadingCausesOfDeath,CI_Min_C_Ot_Cancer,Integer,Y,"Confidence interval lower limit, ages 15-24, cancer, other","Data Sources, Definitions, and Notes, Page 10-12"
LeadingCausesOfDeath,CI_Max_C_Ot_Cancer,Integer,Y,"Confidence interval upper limit, ages 15-24, cancer, other","Data Sources, Definitions, and Notes, Page 10-12"
LeadingCausesOfDeath,C_Hi_Cancer,Integer,Y,"County data, ages 15-24, cancer, Hispanic","Data Sources, Definitions, and Notes, Page 10-12"
LeadingCausesOfDeath,CI_Min_C_Hi_Cancer,Integer,Y,"Confidence interval lower limit, ages 15-24, cancer, Hispanic","Data Sources, Definitions, and Notes, Page 10-12"
LeadingCausesOfDeath,CI_Max_C_Hi_Cancer,Integer,Y,"Confidence interval upper limit, ages 15-24, cancer, Hispanic","Data Sources, Definitions, and Notes, Page 10-12"
LeadingCausesOfDeath,D_Wh_Injury,Integer,Y,"County data, ages 25-44, injuries, White","Data Sources, Definitions, and Notes, Page 10-12"
LeadingCausesOfDeath,CI_Min_D_Wh_Injury,Integer,Y,"Confidence interval lower limit, ages 25-44, injuries, White","Data Sources, Definitions, and Notes, Page 10-12"
LeadingCausesOfDeath,CI_Max_D_Wh_Injury,Integer,Y,"Confidence interval upper limit, ages 25-44, injuries, White","Data Sources, Definitions, and Notes, Page 10-12"
LeadingCausesOfDeath,D_Bl_Injury,Integer,Y,"County data, ages 25-44, injuries, Black","Data Sources, Definitions, and Notes, Page 10-12"
LeadingCausesOfDeath,CI_Min_D_Bl_Injury,Integer,Y,"Confidence interval lower limit, ages 25-44, injuries, Black","Data Sources, Definitions, and Notes, Page 10-12"
LeadingCausesOfDeath,CI_Max_D_Bl_Injury,Integer,Y,"Confidence interval upper limit, ages 25-44, injuries, Black","Data Sources, Definitions, and Notes, Page 10-12"
LeadingCausesOfDeath,D_Ot_Injury,Integer,Y,"County data, ages 25-44, injuries, other","Data Sources, Definitions, and Notes, Page 10-12"
LeadingCausesOfDeath,CI_Min_D_Ot_Injury,Integer,Y,"Confidence interval lower limit, ages 25-44, injuries, other","Data Sources, Definitions, and Notes, Page 10-12"
LeadingCausesOfDeath,CI_Max_D_Ot_Injury,Integer,Y,"Confidence interval upper limit, ages 25-44, injuries, other","Data Sources, Definitions, and Notes, Page 10-12"
LeadingCausesOfDeath,D_Hi_Injury,Integer,Y,"County data, ages 25-44, injuries, Hispanic","Data Sources, Definitions, and Notes, Page 10-12"
LeadingCausesOfDeath,CI_Min_D_Hi_Injury,Integer,Y,"Confidence interval lower limit, ages 25-44, injuries, Hispanic","Data Sources, Definitions, and Notes, Page 10-12"
LeadingCausesOfDeath,CI_Max_D_Hi_Injury,Integer,Y,"Confidence interval upper limit, ages 25-44, injuries, Hispanic","Data Sources, Definitions, and Notes, Page 10-12"
LeadingCausesOfDeath,D_Wh_Cancer,Integer,Y,"County data, ages 25-44, cancer, White","Data Sources, Definitions, and Notes, Page 10-12"
LeadingCausesOfDeath,CI_Min_D_Wh_Cancer,Integer,Y,"Confidence interval lower limit, ages 25-44, cancer, White","Data Sources, Definitions, and Notes, Page 10-12"
LeadingCausesOfDeath,CI_Max_D_Wh_Cancer,Integer,Y,"Confidence interval upper limit, ages 25-44, cancer, White","Data Sources, Definitions, and Notes, Page 10-12"
LeadingCausesOfDeath,D_Bl_Cancer,Integer,Y,"County data, ages 25-44, cancer, Black","Data Sources, Definitions, and Notes, Page 10-12"
LeadingCausesOfDeath,CI_Min_D_Bl_Cancer,Integer,Y,"Confidence interval lower limit, ages 25-44, cancer, Black","Data Sources, Definitions, and Notes, Page 10-12"
LeadingCausesOfDeath,CI_Max_D_Bl_Cancer,Integer,Y,"Confidence interval upper limit, ages 25-44, cancer, Black","Data Sources, Definitions, and Notes, Page 10-12"
LeadingCausesOfDeath,D_Ot_Cancer,Integer,Y,"County data, ages 25-44, cancer, other","Data Sources, Definitions, and Notes, Page 10-12"
LeadingCausesOfDeath,CI_Min_D_Ot_Cancer,Integer,Y,"Confidence interval lower limit, ages 25-44, cancer, other","Data Sources, Definitions, and Notes, Page 10-12"
LeadingCausesOfDeath,CI_Max_D_Ot_Cancer,Integer,Y,"Confidence interval upper limit, ages 25-44, cancer, other","Data Sources, Definitions, and Notes, Page 10-12"
LeadingCausesOfDeath,D_Hi_Cancer,Integer,Y,"County data, ages 25-44, cancer, Hispanic","Data Sources, Definitions, and Notes, Page 10-12"
LeadingCausesOfDeath,CI_Min_D_Hi_Cancer,Integer,Y,"Confidence interval lower limit, ages 25-44, cancer, Hispanic","Data Sources, Definitions, and Notes, Page 10-12"
LeadingCausesOfDeath,CI_Max_D_Hi_Cancer,Integer,Y,"Confidence interval upper limit, ages 25-44, cancer, Hispanic","Data Sources, Definitions, and Notes, Page 10-12"
LeadingCausesOfDeath,D_Wh_HeartDis,Integer,Y,"County data, ages 25-44, heart disease, White","Data Sources, Definitions, and Notes, Page 10-12"
LeadingCausesOfDeath,CI_Min_D_Wh_HeartDis,Integer,Y,"Confidence interval lower limit, ages 25-44, heart disease, White","Data Sources, Definitions, and Notes, Page 10-12"
LeadingCausesOfDeath,CI_Max_D_Wh_HeartDis,Integer,Y,"Confidence interval upper limit, ages 25-44, heart disease, White","Data Sources, Definitions, and Notes, Page 10-12"
LeadingCausesOfDeath,D_Bl_HeartDis,Integer,Y,"County data, ages 25-44, heart disease, Black","Data Sources, Definitions, and Notes, Page 10-12"
LeadingCausesOfDeath,CI_Min_D_Bl_HeartDis,Integer,Y,"Confidence interval lower limit, ages 25-44, heart disease, Black","Data Sources, Definitions, and Notes, Page 10-12"
LeadingCausesOfDeath,CI_Max_D_Bl_HeartDis,Integer,Y,"Confidence interval upper limit, ages 25-44, heart disease, Black","Data Sources, Definitions, and Notes, Page 10-12"
LeadingCausesOfDeath,D_Ot_HeartDis,Integer,Y,"County data, ages 25-44, heart disease, other","Data Sources, Definitions, and Notes, Page 10-12"
LeadingCausesOfDeath,CI_Min_D_Ot_HeartDis,Integer,Y,"Confidence interval lower limit, ages 25-44, heart disease, other","Data Sources, Definitions, and Notes, Page 10-12"
LeadingCausesOfDeath,CI_Max_D_Ot_HeartDis,Integer,Y,"Confidence interval upper limit, ages 25-44, heart disease, other","Data Sources, Definitions, and Notes, Page 10-12"
LeadingCausesOfDeath,D_Hi_HeartDis,Integer,Y,"County data, ages 25-44, heart disease, Hispanic","Data Sources, Definitions, and Notes, Page 10-12"
LeadingCausesOfDeath,CI_Min_D_Hi_HeartDis,Integer,Y,"Confidence interval lower limit, ages 25-44, heart disease, Hispanic","Data Sources, Definitions, and Notes, Page 10-12"
LeadingCausesOfDeath,CI_Max_D_Hi_HeartDis,Integer,Y,"Confidence interval upper limit, ages 25-44, heart disease, Hispanic","Data Sources, Definitions, and Notes, Page 10-12"
LeadingCausesOfDeath,D_Wh_Suicide,Integer,Y,"County data, ages 25-44, suicide, White","Data Sources, Definitions, and Notes, Page 10-12"
LeadingCausesOfDeath,CI_Min_D_Wh_Suicide,Integer,Y,"Confidence interval lower limit, ages 25-44, suicide, White","Data Sources, Definitions, and Notes, Page 10-12"
LeadingCausesOfDeath,CI_Max_D_Wh_Suicide,Integer,Y,"Confidence interval upper limit, ages 25-44, suicide, White","Data Sources, Definitions, and Notes, Page 10-12"
LeadingCausesOfDeath,D_Bl_Suicide,Integer,Y,"County data, ages 25-44, suicide, Black","Data Sources, Definitions, and Notes, Page 10-12"
LeadingCausesOfDeath,CI_Min_D_Bl_Suicide,Integer,Y,"Confidence interval lower limit, ages 25-44, suicide, Black","Data Sources, Definitions, and Notes, Page 10-12"
LeadingCausesOfDeath,CI_Max_D_Bl_Suicide,Integer,Y,"Confidence interval upper limit, ages 25-44, suicide, Black","Data Sources, Definitions, and Notes, Page 10-12"
LeadingCausesOfDeath,D_Ot_Suicide,Integer,Y,"County data, ages 25-44, suicide, other","Data Sources, Definitions, and Notes, Page 10-12"
LeadingCausesOfDeath,CI_Min_D_Ot_Suicide,Integer,Y,"Confidence interval lower limit, ages 25-44, suicide, other","Data Sources, Definitions, and Notes, Page 10-12"
LeadingCausesOfDeath,CI_Max_D_Ot_Suicide,Integer,Y,"Confidence interval upper limit, ages 25-44, suicide, other","Data Sources, Definitions, and Notes, Page 10-12"
LeadingCausesOfDeath,D_Hi_Suicide,Integer,Y,"County data, ages 25-44, suicide, Hispanic","Data Sources, Definitions, and Notes, Page 10-12"
LeadingCausesOfDeath,CI_Min_D_Hi_Suicide,Integer,Y,"Confidence interval lower limit, ages 25-44, suicide, Hispanic","Data Sources, Definitions, and Notes, Page 10-12"
LeadingCausesOfDeath,CI_Max_D_Hi_Suicide,Integer,Y,"Confidence interval upper limit, ages 25-44, suicide, Hispanic","Data Sources, Definitions, and Notes, Page 10-12"
LeadingCausesOfDeath,D_Wh_HIV,Integer,Y,"County data, ages 25-44, hiv/aids, White","Data Sources, Definitions, and Notes, Page 10-12"
LeadingCausesOfDeath,CI_Min_D_Wh_HIV,Integer,Y,"Confidence interval lower limit, ages 25-44, hiv/aids, White","Data Sources, Definitions, and Notes, Page 10-12"
LeadingCausesOfDeath,CI_Max_D_Wh_HIV,Integer,Y,"Confidence interval upper limit, ages 25-44, hiv/aids, White","Data Sources, Definitions, and Notes, Page 10-12"
LeadingCausesOfDeath,D_Bl_HIV,Integer,Y,"County data, ages 25-44, hiv/aids, Black","Data Sources, Definitions, and Notes, Page 10-12"
LeadingCausesOfDeath,CI_Min_D_Bl_HIV,Integer,Y,"Confidence interval lower limit, ages 25-44, hiv/aids, Black","Data Sources, Definitions, and Notes, Page 10-12"
LeadingCausesOfDeath,CI_Max_D_Bl_HIV,Integer,Y,"Confidence interval upper limit, ages 25-44, hiv/aids, Black","Data Sources, Definitions, and Notes, Page 10-12"
LeadingCausesOfDeath,D_Ot_HIV,Integer,Y,"County data, ages 25-44, hiv/aids, other","Data Sources, Definitions, and Notes, Page 10-12"
LeadingCausesOfDeath,CI_Min_D_Ot_HIV,Integer,Y,"Confidence interval lower limit, ages 25-44, hiv/aids, other","Data Sources, Definitions, and Notes, Page 10-12"
LeadingCausesOfDeath,CI_Max_D_Ot_HIV,Integer,Y,"Confidence interval upper limit, ages 25-44, hiv/aids, other","Data Sources, Definitions, and Notes, Page 10-12"
LeadingCausesOfDeath,D_Hi_HIV,Integer,Y,"County data, ages 25-44, hiv/aids, Hispanic","Data Sources, Definitions, and Notes, Page 10-12"
LeadingCausesOfDeath,CI_Min_D_Hi_HIV,Integer,Y,"Confidence interval lower limit, ages 25-44, hiv/aids, Hispanic","Data Sources, Definitions, and Notes, Page 10-12"
LeadingCausesOfDeath,CI_Max_D_Hi_HIV,Integer,Y,"Confidence interval upper limit, ages 25-44, hiv/aids, Hispanic","Data Sources, Definitions, and Notes, Page 10-12"
LeadingCausesOfDeath,D_Wh_Homicide,Integer,Y,"County data, ages 25-44, homicide, White","Data Sources, Definitions, and Notes, Page 10-12"
LeadingCausesOfDeath,CI_Min_D_Wh_Homicide,Integer,Y,"Confidence interval lower limit, ages 25-44, homicide, White","Data Sources, Definitions, and Notes, Page 10-12"
LeadingCausesOfDeath,CI_Max_D_Wh_Homicide,Integer,Y,"Confidence interval upper limit, ages 25-44, homicide, White","Data Sources, Definitions, and Notes, Page 10-12"
LeadingCausesOfDeath,D_Bl_Homicide,Integer,Y,"County data, ages 25-44, homicide, Black","Data Sources, Definitions, and Notes, Page 10-12"
LeadingCausesOfDeath,CI_Min_D_Bl_Homicide,Integer,Y,"Confidence interval lower limit, ages 25-44, homicide, Black","Data Sources, Definitions, and Notes, Page 10-12"
LeadingCausesOfDeath,CI_Max_D_Bl_Homicide,Integer,Y,"Confidence interval upper limit, ages 25-44, homicide, Black","Data Sources, Definitions, and Notes, Page 10-12"
LeadingCausesOfDeath,D_Ot_Homicide,Integer,Y,"County data, ages 25-44, homicide, other","Data Sources, Definitions, and Notes, Page 10-12"
LeadingCausesOfDeath,CI_Min_D_Ot_Homicide,Integer,Y,"Confidence interval lower limit, ages 25-44, homicide, other","Data Sources, Definitions, and Notes, Page 10-12"
LeadingCausesOfDeath,CI_Max_D_Ot_Homicide,Integer,Y,"Confidence interval upper limit, ages 25-44, homicide, other","Data Sources, Definitions, and Notes, Page 10-12"
LeadingCausesOfDeath,D_Hi_Homicide,Integer,Y,"County data, ages 25-44, homicide, Hispanic","Data Sources, Definitions, and Notes, Page 10-12"
LeadingCausesOfDeath,CI_Min_D_Hi_Homicide,Integer,Y,"Confidence interval lower limit, ages 25-44, homicide, Hispanic","Data Sources, Definitions, and Notes, Page 10-12"
LeadingCausesOfDeath,CI_Max_D_Hi_Homicide,Integer,Y,"Confidence interval upper limit, ages 25-44, homicide, Hispanic","Data Sources, Definitions, and Notes, Page 10-12"
LeadingCausesOfDeath,E_Wh_Cancer,Integer,Y,"County data, ages 45-64, cancer, White","Data Sources, Definitions, and Notes, Page 10-12"
LeadingCausesOfDeath,CI_Min_E_Wh_Cancer,Integer,Y,"Confidence interval lower limit, ages 45-64, cancer, White","Data Sources, Definitions, and Notes, Page 10-12"
LeadingCausesOfDeath,CI_Max_E_Wh_Cancer,Integer,Y,"Confidence interval upper limit, ages 45-64, cancer, White","Data Sources, Definitions, and Notes, Page 10-12"
LeadingCausesOfDeath,E_Bl_Cancer,Integer,Y,"County data, ages 45-64, cancer, Black","Data Sources, Definitions, and Notes, Page 10-12"
LeadingCausesOfDeath,CI_Min_E_Bl_Cancer,Integer,Y,"Confidence interval lower limit, ages 45-64, cancer, Black","Data Sources, Definitions, and Notes, Page 10-12"
LeadingCausesOfDeath,CI_Max_E_Bl_Cancer,Integer,Y,"Confidence interval upper limit, ages 45-64, cancer, Black","Data Sources, Definitions, and Notes, Page 10-12"
LeadingCausesOfDeath,E_Ot_Cancer,Integer,Y,"County data, ages 45-64, cancer, other","Data Sources, Definitions, and Notes, Page 10-12"
LeadingCausesOfDeath,CI_Min_E_Ot_Cancer,Integer,Y,"Confidence interval lower limit, ages 45-64, cancer, other","Data Sources, Definitions, and Notes, Page 10-12"
LeadingCausesOfDeath,CI_Max_E_Ot_Cancer,Integer,Y,"Confidence interval upper limit, ages 45-64, cancer, other","Data Sources, Definitions, and Notes, Page 10-12"
LeadingCausesOfDeath,E_Hi_Cancer,Integer,Y,"County data, ages 45-64, cancer, Hispanic","Data Sources, Definitions, and Notes, Page 10-12"
LeadingCausesOfDeath,CI_Min_E_Hi_Cancer,Integer,Y,"Confidence interval lower limit, ages 45-64, cancer, Hispanic","Data Sources, Definitions, and Notes, Page 10-12"
LeadingCausesOfDeath,CI_Max_E_Hi_Cancer,Integer,Y,"Confidence interval upper limit, ages 45-64, cancer, Hispanic","Data Sources, Definitions, and Notes, Page 10-12"
LeadingCausesOfDeath,E_Wh_HeartDis,Integer,Y,"County data, ages 45-64, heart disease, White","Data Sources, Definitions, and Notes, Page 10-12"
LeadingCausesOfDeath,CI_Min_E_Wh_HeartDis,Integer,Y,"Confidence interval lower limit, ages 45-64, heart disease, White","Data Sources, Definitions, and Notes, Page 10-12"
LeadingCausesOfDeath,CI_Max_E_Wh_HeartDis,Integer,Y,"Confidence interval upper limit, ages 45-64, heart disease, White","Data Sources, Definitions, and Notes, Page 10-12"
LeadingCausesOfDeath,E_Bl_HeartDis,Integer,Y,"County data, ages 45-64, heart disease, Black","Data Sources, Definitions, and Notes, Page 10-12"
LeadingCausesOfDeath,CI_Min_E_Bl_HeartDis,Integer,Y,"Confidence interval lower limit, ages 45-64, heart disease, Black","Data Sources, Definitions, and Notes, Page 10-12"
LeadingCausesOfDeath,CI_Max_E_Bl_HeartDis,Integer,Y,"Confidence interval upper limit, ages 45-64, heart disease, Black","Data Sources, Definitions, and Notes, Page 10-12"
LeadingCausesOfDeath,E_Ot_HeartDis,Integer,Y,"County data, ages 45-64, heart disease, other","Data Sources, Definitions, and Notes, Page 10-12"
LeadingCausesOfDeath,CI_Min_E_Ot_HeartDis,Integer,Y,"Confidence interval lower limit, ages 45-64, heart disease, other","Data Sources, Definitions, and Notes, Page 10-12"
LeadingCausesOfDeath,CI_Max_E_Ot_HeartDis,Integer,Y,"Confidence interval upper limit, ages 45-64, heart disease, other","Data Sources, Definitions, and Notes, Page 10-12"
LeadingCausesOfDeath,E_Hi_HeartDis,Integer,Y,"County data, ages 45-64, heart disease, Hispanic","Data Sources, Definitions, and Notes, Page 10-12"
LeadingCausesOfDeath,CI_Min_E_Hi_HeartDis,Integer,Y,"Confidence interval lower limit, ages 45-64, heart disease, Hispanic","Data Sources, Definitions, and Notes, Page 10-12"
LeadingCausesOfDeath,CI_Max_E_Hi_HeartDis,Integer,Y,"Confidence interval upper limit, ages 45-64, heart disease, Hispanic","Data Sources, Definitions, and Notes, Page 10-12"
LeadingCausesOfDeath,F_Wh_HeartDis,Integer,Y,"County data, ages 65+, heart disease, White","Data Sources, Definitions, and Notes, Page 10-12"
LeadingCausesOfDeath,CI_Min_F_Wh_HeartDis,Integer,Y,"Confidence interval lower limit, ages 65+, heart disease, White","Data Sources, Definitions, and Notes, Page 10-12"
LeadingCausesOfDeath,CI_Max_F_Wh_HeartDis,Integer,Y,"Confidence interval upper limit, ages 65+, heart disease, White","Data Sources, Definitions, and Notes, Page 10-12"
LeadingCausesOfDeath,F_Bl_HeartDis,Integer,Y,"County data, ages 65+, heart disease, Black","Data Sources, Definitions, and Notes, Page 10-12"
LeadingCausesOfDeath,CI_Min_F_Bl_HeartDis,Integer,Y,"Confidence interval lower limit, ages 65+, heart disease, Black","Data Sources, Definitions, and Notes, Page 10-12"
LeadingCausesOfDeath,CI_Max_F_Bl_HeartDis,Integer,Y,"Confidence interval upper limit, ages 65+, heart disease, Black","Data Sources, Definitions, and Notes, Page 10-12"
LeadingCausesOfDeath,F_Ot_HeartDis,Integer,Y,"County data, ages 65+, heart disease, other","Data Sources, Definitions, and Notes, Page 10-12"
LeadingCausesOfDeath,CI_Min_F_Ot_HeartDis,Integer,Y,"Confidence interval lower limit, ages 65+, heart disease, other","Data Sources, Definitions, and Notes, Page 10-12"
LeadingCausesOfDeath,CI_Max_F_Ot_HeartDis,Integer,Y,"Confidence interval upper limit, ages 65+, heart disease, other","Data Sources, Definitions, and Notes, Page 10-12"
LeadingCausesOfDeath,F_Hi_HeartDis,Integer,Y,"County data, ages 65+, heart disease, Hispanic","Data Sources, Definitions, and Notes, Page 10-12"
LeadingCausesOfDeath,CI_Min_F_Hi_HeartDis,Integer,Y,"Confidence interval lower limit, ages 65+, heart disease, Hispanic","Data Sources, Definitions, and Notes, Page 10-12"
LeadingCausesOfDeath,CI_Max_F_Hi_HeartDis,Integer,Y,"Confidence interval upper limit, ages 65+, heart disease, Hispanic","Data Sources, Definitions, and Notes, Page 10-12"
LeadingCausesOfDeath,F_Wh_Cancer,Integer,Y,"County data, ages 65+, cancer, White","Data Sources, Definitions, and Notes, Page 10-12"
LeadingCausesOfDeath,CI_Min_F_Wh_Cancer,Integer,Y,"Confidence interval lower limit, ages 65+, cancer, White","Data Sources, Definitions, and Notes, Page 10-12"
LeadingCausesOfDeath,CI_Max_F_Wh_Cancer,Integer,Y,"Confidence interval upper limit, ages 65+, cancer, White","Data Sources, Definitions, and Notes, Page 10-12"
LeadingCausesOfDeath,F_Bl_Cancer,Integer,Y,"County data, ages 65+, cancer, Black","Data Sources, Definitions, and Notes, Page 10-12"
LeadingCausesOfDeath,CI_Min_F_Bl_Cancer,Integer,Y,"Confidence interval lower limit, ages 65+, cancer, Black","Data Sources, Definitions, and Notes, Page 10-12"
LeadingCausesOfDeath,CI_Max_F_Bl_Cancer,Integer,Y,"Confidence interval upper limit, ages 65+, cancer, Black","Data Sources, Definitions, and Notes, Page 10-12"
LeadingCausesOfDeath,F_Ot_Cancer,Integer,Y,"County data, ages 65+, cancer, other","Data Sources, Definitions, and Notes, Page 10-12"
LeadingCausesOfDeath,CI_Min_F_Ot_Cancer,Integer,Y,"Confidence interval lower limit, ages 65+, cancer, other","Data Sources, Definitions, and Notes, Page 10-12"
LeadingCausesOfDeath,CI_Max_F_Ot_Cancer,Integer,Y,"Confidence interval upper limit, ages 65+, cancer, other","Data Sources, Definitions, and Notes, Page 10-12"
LeadingCausesOfDeath,F_Hi_Cancer,Integer,Y,"County data, ages 65+, cancer, Hispanic","Data Sources, Definitions, and Notes, Page 10-12"
LeadingCausesOfDeath,CI_Min_F_Hi_Cancer,Integer,Y,"Confidence interval lower limit, ages 65+, cancer, Hispanic","Data Sources, Definitions, and Notes, Page 10-12"
LeadingCausesOfDeath,CI_Max_F_Hi_Cancer,Integer,Y,"Confidence interval upper limit, ages 65+, cancer, Hispanic","Data Sources, Definitions, and Notes, Page 10-12"
LeadingCausesOfDeath,LCD_Time_Span,Text,N,Time period of reported data for national leading causes of dealth,"Data Sources, Definitions, and Notes, Page 8"
MeasuresOfBirthAndDeath,State_FIPS_Code,Text,N,"Two-digit state identifier, developed by the National Bureau of Standards","Data Sources, Definitions, and Notes, Page 6"
MeasuresOfBirthAndDeath,County_FIPS_Code,Text,N,"Three-digit county identifier, developed by the National Bureau of Standards","Data Sources, Definitions, and Notes, Page 6"
MeasuresOfBirthAndDeath,CHSI_County_Name,Text,N,Name of county,
MeasuresOfBirthAndDeath,CHSI_State_Name,Text,N,Name of State or District of Columbia,
MeasuresOfBirthAndDeath,CHSI_State_Abbr,Text,N,Two-character postal abbreviation for state name,
MeasuresOfBirthAndDeath,Strata_ID_Number,Integer,N,CHSI Peer County Stratum Number,"Data Sources, Definitions, and Notes, Pages 6-8"
MeasuresOfBirthAndDeath,LBW,Decimal,Y,"County data, birth measures, low birth wt. (<2500 g)","Data Sources, Definitions, and Notes, Pages 13-16"
MeasuresOfBirthAndDeath,LBW_Ind,Decimal,Y,"Favorable indicator, birth measures, low birth wt. (<2500 g)","Data Sources, Definitions, and Notes, Pages 13-16"
MeasuresOfBirthAndDeath,Min_LBW,Decimal,Y,"Tenth percentile from peer counties, birth measures, low birth wt. (<2500 g)","Data Sources, Definitions, and Notes, Pages 13-16"
MeasuresOfBirthAndDeath,Max_LBW,Decimal,Y,"Nintieth percentile from peer counties, birth measures, low birth wt. (<2500 g)","Data Sources, Definitions, and Notes, Pages 13-16"
MeasuresOfBirthAndDeath,CI_Min_LBW,Decimal,Y,"Confidence interval lower limit, birth measures, low birth wt. (<2500 g)","Data Sources, Definitions, and Notes, Pages 13-16"
MeasuresOfBirthAndDeath,CI_Max_LBW,Decimal,Y,"Confidence interval upper limit, birth measures, low birth wt. (<2500 g)","Data Sources, Definitions, and Notes, Pages 13-16"
MeasuresOfBirthAndDeath,VLBW,Decimal,Y,"County data, birth measures, very low birth wt. (<1500 g)","Data Sources, Definitions, and Notes, Pages 13-16"
MeasuresOfBirthAndDeath,VLBW_Ind,Decimal,Y,"Favorable indicator, birth measures, very low birth wt. (<1500 g)","Data Sources, Definitions, and Notes, Pages 13-16"
MeasuresOfBirthAndDeath,Min_VLBW,Decimal,Y,"Tenth percentile from peer counties, birth measures, very low birth wt. (<1500 g)","Data Sources, Definitions, and Notes, Pages 13-16"
MeasuresOfBirthAndDeath,Max_VLBW,Decimal,Y,"Nintieth percentile from peer counties, birth measures, very low birth wt. (<1500 g)","Data Sources, Definitions, and Notes, Pages 13-16"
MeasuresOfBirthAndDeath,CI_Min_VLBW,Decimal,Y,"Confidence interval lower limit, birth measures, very low birth wt. (<1500 g)","Data Sources, Definitions, and Notes, Pages 13-16"
MeasuresOfBirthAndDeath,CI_Max_VLBW,Decimal,Y,"Confidence interval upper limit, birth measures, very low birth wt. (<1500 g)","Data Sources, Definitions, and Notes, Pages 13-16"
MeasuresOfBirthAndDeath,Premature,Decimal,Y,"County data, birth measures, premature births (<37 weeks)","Data Sources, Definitions, and Notes, Pages 13-16"
MeasuresOfBirthAndDeath,Premature_Ind,Decimal,Y,"Favorable indicator, birth measures, premature births (<37 weeks)","Data Sources, Definitions, and Notes, Pages 13-16"
MeasuresOfBirthAndDeath,Min_Premature,Decimal,Y,"Tenth percentile from peer counties, birth measures, premature births (<37 weeks)","Data Sources, Definitions, and Notes, Pages 13-16"
MeasuresOfBirthAndDeath,Max_Premature,Decimal,Y,"Nintieth percentile from peer counties, birth measures, premature births (<37 weeks)","Data Sources, Definitions, and Notes, Pages 13-16"
MeasuresOfBirthAndDeath,CI_Min_Premature,Decimal,Y,"Confidence interval lower limit, birth measures, premature births (<37 weeks)","Data Sources, Definitions, and Notes, Pages 13-16"
MeasuresOfBirthAndDeath,CI_Max_Premature,Decimal,Y,"Confidence interval upper limit, birth measures, premature births (<37 weeks)","Data Sources, Definitions, and Notes, Pages 13-16"
MeasuresOfBirthAndDeath,Under_18,Decimal,Y,"County data, birth measures, births to women under 18","Data Sources, Definitions, and Notes, Pages 13-16"
MeasuresOfBirthAndDeath,Under_18_Ind,Decimal,Y,"Favorable indicator, birth measures, births to women under 18","Data Sources, Definitions, and Notes, Pages 13-16"
MeasuresOfBirthAndDeath,Min_Under_18,Decimal,Y,"Tenth percentile from peer counties, birth measures, births to women under 18","Data Sources, Definitions, and Notes, Pages 13-16"
MeasuresOfBirthAndDeath,Max_Under_18,Decimal,Y,"Nintieth percentile from peer counties, birth measures, births to women under 18","Data Sources, Definitions, and Notes, Pages 13-16"
MeasuresOfBirthAndDeath,CI_Min_Under_18,Decimal,Y,"Confidence interval lower limit, birth measures, births to women under 18","Data Sources, Definitions, and Notes, Pages 13-16"
MeasuresOfBirthAndDeath,CI_Max_Under_18,Decimal,Y,"Confidence interval upper limit, birth measures, births to women under 18","Data Sources, Definitions, and Notes, Pages 13-16"
MeasuresOfBirthAndDeath,Over_40,Decimal,Y,"County data, birth measures, births to women over 40","Data Sources, Definitions, and Notes, Pages 13-16"
MeasuresOfBirthAndDeath,Over_40_Ind,Decimal,Y,"Favorable indicator, birth measures, births to women over 40","Data Sources, Definitions, and Notes, Pages 13-16"
MeasuresOfBirthAndDeath,Min_Over_40,Decimal,Y,"Tenth percentile from peer counties, birth measures, births to women over 40","Data Sources, Definitions, and Notes, Pages 13-16"
MeasuresOfBirthAndDeath,Max_Over_40,Decimal,Y,"Nintieth percentile from peer counties, birth measures, births to women over 40","Data Sources, Definitions, and Notes, Pages 13-16"
MeasuresOfBirthAndDeath,CI_Min_Over_40,Decimal,Y,"Confidence interval lower limit, birth measures, births to women over 40","Data Sources, Definitions, and Notes, Pages 13-16"
MeasuresOfBirthAndDeath,CI_Max_Over_40,Decimal,Y,"Confidence interval upper limit, birth measures, births to women over 40","Data Sources, Definitions, and Notes, Pages 13-16"
MeasuresOfBirthAndDeath,Unmarried,Decimal,Y,"County data, birth measures, births to unmarried women","Data Sources, Definitions, and Notes, Pages 13-16"
MeasuresOfBirthAndDeath,Unmarried_Ind,Decimal,Y,"Favorable indicator, birth measures, births to unmarried women","Data Sources, Definitions, and Notes, Pages 13-16"
MeasuresOfBirthAndDeath,Min_Unmarried,Decimal,Y,"Tenth percentile from peer counties, birth measures, births to unmarried women","Data Sources, Definitions, and Notes, Pages 13-16"
MeasuresOfBirthAndDeath,Max_Unmarried,Decimal,Y,"Nintieth percentile from peer counties, birth measures, births to unmarried women","Data Sources, Definitions, and Notes, Pages 13-16"
MeasuresOfBirthAndDeath,CI_Min_Unmarried,Decimal,Y,"Confidence interval lower limit, birth measures, births to unmarried women","Data Sources, Definitions, and Notes, Pages 13-16"
MeasuresOfBirthAndDeath,CI_Max_Unmarried,Decimal,Y,"Confidence interval upper limit, birth measures, births to unmarried women","Data Sources, Definitions, and Notes, Pages 13-16"
MeasuresOfBirthAndDeath,Late_Care,Decimal,Y,"County data, birth measures, no care in first trimester","Data Sources, Definitions, and Notes, Pages 13-16"
MeasuresOfBirthAndDeath,Late_Care_Ind,Decimal,Y,"Favorable indicator, birth measures, no care in first trimester","Data Sources, Definitions, and Notes, Pages 13-16"
MeasuresOfBirthAndDeath,Min_Late_Care,Decimal,Y,"Tenth percentile from peer counties, birth measures, no care in first trimester","Data Sources, Definitions, and Notes, Pages 13-16"
MeasuresOfBirthAndDeath,Max_Late_Care,Decimal,Y,"Nintieth percentile from peer counties, birth measures, no care in first trimester","Data Sources, Definitions, and Notes, Pages 13-16"
MeasuresOfBirthAndDeath,CI_Min_Late_Care,Decimal,Y,"Confidence interval lower limit, birth measures, no care in first trimester","Data Sources, Definitions, and Notes, Pages 13-16"
MeasuresOfBirthAndDeath,CI_Max_Late_Care,Decimal,Y,"Confidence interval upper limit, birth measures, no care in first trimester","Data Sources, Definitions, and Notes, Pages 13-16"
MeasuresOfBirthAndDeath,Infant_Mortality,Decimal,N,"County data, infant mortality","Data Sources, Definitions, and Notes, Page 17"
MeasuresOfBirthAndDeath,Infant_Mortality_Ind,Decimal,N,"Favorable indicator, infant mortality","Data Sources, Definitions, and Notes, Page 17"
MeasuresOfBirthAndDeath,Min_Infant_Mortality,Decimal,N,"Tenth percentile from peer counties, infant mortality","Data Sources, Definitions, and Notes, Page 17"
MeasuresOfBirthAndDeath,Max_Infant_Mortality,Decimal,N,"Nintieth percentile from peer counties, infant mortality","Data Sources, Definitions, and Notes, Page 17"
MeasuresOfBirthAndDeath,CI_Min_Infant_Mortality,Decimal,N,"Confidence interval lower limit, infant mortality","Data Sources, Definitions, and Notes, Page 17"
MeasuresOfBirthAndDeath,CI_Max_Infant_Mortality,Decimal,N,"Confidence interval upper limit, infant mortality","Data Sources, Definitions, and Notes, Page 17"
MeasuresOfBirthAndDeath,IM_Wh_Non_Hisp,Decimal,N,"County data, infant mortality, White non Hispanic","Data Sources, Definitions, and Notes, Page 17"
MeasuresOfBirthAndDeath,IM_Wh_Non_Hisp_Ind,Decimal,N,"Favorable indicator, infant mortality, White non Hispanic","Data Sources, Definitions, and Notes, Page 17"
MeasuresOfBirthAndDeath,Min_IM_Wh_Non_Hisp,Decimal,N,"Tenth percentile from peer counties, infant mortality, White non Hispanic","Data Sources, Definitions, and Notes, Page 17"
MeasuresOfBirthAndDeath,Max_IM_Wh_Non_Hisp,Decimal,N,"Nintieth percentile from peer counties, infant mortality, White non Hispanic","Data Sources, Definitions, and Notes, Page 17"
MeasuresOfBirthAndDeath,CI_Min_IM_Wh_Non_Hisp,Decimal,N,"Confidence interval lower limit, infant mortality, White non Hispanic","Data Sources, Definitions, and Notes, Page 17"
MeasuresOfBirthAndDeath,CI_Max_IM_Wh_Non_Hisp,Decimal,N,"Confidence interval upper limit, infant mortality, White non Hispanic","Data Sources, Definitions, and Notes, Page 17"
MeasuresOfBirthAndDeath,IM_Bl_Non_Hisp,Decimal,N,"County data, infant mortality, Black non Hispanic","Data Sources, Definitions, and Notes, Page 17"
MeasuresOfBirthAndDeath,IM_Bl_Non_Hisp_Ind,Decimal,N,"Favorable indicator, infant mortality, Black non Hispanic","Data Sources, Definitions, and Notes, Page 17"
MeasuresOfBirthAndDeath,Min_IM_Bl_Non_Hisp,Decimal,N,"Tenth percentile from peer counties, infant mortality, Black non Hispanic","Data Sources, Definitions, and Notes, Page 17"
MeasuresOfBirthAndDeath,Max_IM_Bl_Non_Hisp,Decimal,N,"Nintieth percentile from peer counties, infant mortality, Black non Hispanic","Data Sources, Definitions, and Notes, Page 17"
MeasuresOfBirthAndDeath,CI_Min_IM_Bl_Non_Hisp,Decimal,N,"Confidence interval lower limit, infant mortality, Black non Hispanic","Data Sources, Definitions, and Notes, Page 17"
MeasuresOfBirthAndDeath,CI_Max_IM_Bl_Non_Hisp,Decimal,N,"Confidence interval upper limit, infant mortality, Black non Hispanic","Data Sources, Definitions, and Notes, Page 17"
MeasuresOfBirthAndDeath,IM_Hisp,Decimal,N,"County data, infant mortality, Hispanic","Data Sources, Definitions, and Notes, Page 17"
MeasuresOfBirthAndDeath,IM_Hisp_Ind,Decimal,N,"Favorable indicator, infant mortality, Hispanic","Data Sources, Definitions, and Notes, Page 17"
MeasuresOfBirthAndDeath,Min_IM_Hisp,Decimal,N,"Tenth percentile from peer counties, infant mortality, Hispanic","Data Sources, Definitions, and Notes, Page 17"
MeasuresOfBirthAndDeath,Max_IM_Hisp,Decimal,N,"Nintieth percentile from peer counties, infant mortality, Hispanic","Data Sources, Definitions, and Notes, Page 17"
MeasuresOfBirthAndDeath,CI_Min_IM_Hisp,Decimal,N,"Confidence interval lower limit, infant mortality, Hispanic","Data Sources, Definitions, and Notes, Page 17"
MeasuresOfBirthAndDeath,CI_Max_IM_Hisp,Decimal,N,"Confidence interval upper limit, infant mortality, Hispanic","Data Sources, Definitions, and Notes, Page 17"
MeasuresOfBirthAndDeath,IM_Neonatal,Decimal,N,"County data, infant mortality, neonatal","Data Sources, Definitions, and Notes, Page 17"
MeasuresOfBirthAndDeath,IM_Neonatal_Ind,Decimal,N,"Favorable indicator, infant mortality, neonatal","Data Sources, Definitions, and Notes, Page 17"
MeasuresOfBirthAndDeath,Min_IM_Neonatal,Decimal,N,"Tenth percentile from peer counties, infant mortality, neonatal","Data Sources, Definitions, and Notes, Page 17"
MeasuresOfBirthAndDeath,Max_IM_Neonatal,Decimal,N,"Nintieth percentile from peer counties, infant mortality, neonatal","Data Sources, Definitions, and Notes, Page 17"
MeasuresOfBirthAndDeath,CI_Min_IM_Neonatal,Decimal,N,"Confidence interval lower limit, infant mortality, neonatal","Data Sources, Definitions, and Notes, Page 17"
MeasuresOfBirthAndDeath,CI_Max_IM_Neonatal,Decimal,N,"Confidence interval upper limit, infant mortality, neonatal","Data Sources, Definitions, and Notes, Page 17"
MeasuresOfBirthAndDeath,IM_Postneonatal,Decimal,N,"County data, infant mortality, post-neonatal","Data Sources, Definitions, and Notes, Page 17"
MeasuresOfBirthAndDeath,IM_Postneonatal_Ind,Decimal,N,"Favorable indicator, infant mortality, post-neonatal","Data Sources, Definitions, and Notes, Page 17"
MeasuresOfBirthAndDeath,Min_IM_Postneonatal,Decimal,N,"Tenth percentile from peer counties, infant mortality, post-neonatal","Data Sources, Definitions, and Notes, Page 17"
MeasuresOfBirthAndDeath,Max_IM_Postneonatal,Decimal,N,"Nintieth percentile from peer counties, infant mortality, post-neonatal","Data Sources, Definitions, and Notes, Page 17"
MeasuresOfBirthAndDeath,CI_Min_IM_Postneonatal,Decimal,N,"Confidence interval lower limit, infant mortality, post-neonatal","Data Sources, Definitions, and Notes, Page 17"
MeasuresOfBirthAndDeath,CI_Max_IM_Postneonatal,Decimal,N,"Confidence interval upper limit, infant mortality, post-neonatal","Data Sources, Definitions, and Notes, Page 17"
MeasuresOfBirthAndDeath,Brst_Cancer,Decimal,N,"County data, death measures, breast cancer (female)","Data Sources, Definitions, and Notes, Pages 18"
MeasuresOfBirthAndDeath,Brst_Cancer_Ind,Decimal,N,"Favorable indicator, death measures, breast cancer (female)","Data Sources, Definitions, and Notes, Pages 18"
MeasuresOfBirthAndDeath,Min_Brst_Cancer,Decimal,N,"Tenth percentile from peer counties, death measures, breast cancer (female)","Data Sources, Definitions, and Notes, Pages 18"
MeasuresOfBirthAndDeath,Max_Brst_Cancer,Decimal,N,"Nintieth percentile from peer counties, death measures, breast cancer (female)","Data Sources, Definitions, and Notes, Pages 18"
MeasuresOfBirthAndDeath,CI_Min_Brst_Cancer,Decimal,N,"Confidence interval lower limit, death measures, breast cancer (female)","Data Sources, Definitions, and Notes, Pages 18"
MeasuresOfBirthAndDeath,CI_Max_Brst_Cancer,Decimal,N,"Confidence interval upper limit, death measures, breast cancer (female)","Data Sources, Definitions, and Notes, Pages 18"
MeasuresOfBirthAndDeath,Col_Cancer,Decimal,N,"County data, death measures, colon cancer","Data Sources, Definitions, and Notes, Pages 18"
MeasuresOfBirthAndDeath,Col_Cancer_Ind,Decimal,N,"Favorable indicator, death measures, colon cancer","Data Sources, Definitions, and Notes, Pages 18"
MeasuresOfBirthAndDeath,Min_Col_Cancer,Decimal,N,"Tenth percentile from peer counties, death measures, colon cancer","Data Sources, Definitions, and Notes, Pages 18"
MeasuresOfBirthAndDeath,Max_Col_Cancer,Decimal,N,"Nintieth percentile from peer counties, death measures, colon cancer","Data Sources, Definitions, and Notes, Pages 18"
MeasuresOfBirthAndDeath,CI_Min_Col_Cancer,Decimal,N,"Confidence interval lower limit, death measures, colon cancer","Data Sources, Definitions, and Notes, Pages 18"
MeasuresOfBirthAndDeath,CI_Max_Col_Cancer,Decimal,N,"Confidence interval upper limit, death measures, colon cancer","Data Sources, Definitions, and Notes, Pages 18"
MeasuresOfBirthAndDeath,CHD,Decimal,N,"County data, death measures, coronary heart disease","Data Sources, Definitions, and Notes, Pages 18"
MeasuresOfBirthAndDeath,CHD_Ind,Decimal,N,"Favorable indicator, death measures, coronary heart disease","Data Sources, Definitions, and Notes, Pages 18"
MeasuresOfBirthAndDeath,Min_CHD,Decimal,N,"Tenth percentile from peer counties, death measures, coronary heart disease","Data Sources, Definitions, and Notes, Pages 18"
MeasuresOfBirthAndDeath,Max_CHD,Decimal,N,"Nintieth percentile from peer counties, death measures, coronary heart disease","Data Sources, Definitions, and Notes, Pages 18"
MeasuresOfBirthAndDeath,CI_Min_CHD,Decimal,N,"Confidence interval lower limit, death measures, coronary heart disease","Data Sources, Definitions, and Notes, Pages 18"
MeasuresOfBirthAndDeath,CI_Max_CHD,Decimal,N,"Confidence interval upper limit, death measures, coronary heart disease","Data Sources, Definitions, and Notes, Pages 18"
MeasuresOfBirthAndDeath,Homicide,Decimal,N,"County data, death measures, homicide","Data Sources, Definitions, and Notes, Pages 18"
MeasuresOfBirthAndDeath,Homicide_Ind,Decimal,N,"Favorable indicator, death measures, homicide","Data Sources, Definitions, and Notes, Pages 18"
MeasuresOfBirthAndDeath,Min_Homicide,Decimal,N,"Tenth percentile from peer counties, death measures, homicide","Data Sources, Definitions, and Notes, Pages 18"
MeasuresOfBirthAndDeath,Max_Homicide,Decimal,N,"Nintieth percentile from peer counties, death measures, homicide","Data Sources, Definitions, and Notes, Pages 18"
MeasuresOfBirthAndDeath,CI_Min_Homicide,Decimal,N,"Confidence interval lower limit, death measures, homicide","Data Sources, Definitions, and Notes, Pages 18"
MeasuresOfBirthAndDeath,CI_Max_Homicide,Decimal,N,"Confidence interval upper limit, death measures, homicide","Data Sources, Definitions, and Notes, Pages 18"
MeasuresOfBirthAndDeath,Lung_Cancer,Decimal,N,"County data, death measures, lung cancer","Data Sources, Definitions, and Notes, Pages 18"
MeasuresOfBirthAndDeath,Lung_Cancer_Ind,Decimal,N,"Favorable indicator, death measures, lung cancer","Data Sources, Definitions, and Notes, Pages 18"
MeasuresOfBirthAndDeath,Min_Lung_Cancer,Decimal,N,"Tenth percentile from peer counties, death measures, lung cancer","Data Sources, Definitions, and Notes, Pages 18"
MeasuresOfBirthAndDeath,Max_Lung_Cancer,Decimal,N,"Nintieth percentile from peer counties, death measures, lung cancer","Data Sources, Definitions, and Notes, Pages 18"
MeasuresOfBirthAndDeath,CI_Min_Lung_Cancer,Decimal,N,"Confidence interval lower limit, death measures, lung cancer","Data Sources, Definitions, and Notes, Pages 18"
MeasuresOfBirthAndDeath,CI_Max_Lung_Cancer,Decimal,N,"Confidence interval upper limit, death measures, lung cancer","Data Sources, Definitions, and Notes, Pages 18"
MeasuresOfBirthAndDeath,MVA,Decimal,N,"County data, death measures, motor vehicle injuries","Data Sources, Definitions, and Notes, Pages 18"
MeasuresOfBirthAndDeath,MVA_Ind,Decimal,N,"Favorable indicator, death measures, motor vehicle injuries","Data Sources, Definitions, and Notes, Pages 18"
MeasuresOfBirthAndDeath,Min_MVA,Decimal,N,"Tenth percentile from peer counties, death measures, motor vehicle injuries","Data Sources, Definitions, and Notes, Pages 18"
MeasuresOfBirthAndDeath,Max_MVA,Decimal,N,"Nintieth percentile from peer counties, death measures, motor vehicle injuries","Data Sources, Definitions, and Notes, Pages 18"
MeasuresOfBirthAndDeath,CI_Min_MVA,Decimal,N,"Confidence interval lower limit, death measures, motor vehicle injuries","Data Sources, Definitions, and Notes, Pages 18"
MeasuresOfBirthAndDeath,CI_Max_MVA,Decimal,N,"Confidence interval upper limit, death measures, motor vehicle injuries","Data Sources, Definitions, and Notes, Pages 18"
MeasuresOfBirthAndDeath,Stroke,Decimal,N,"County data, death measures, stroke","Data Sources, Definitions, and Notes, Pages 18"
MeasuresOfBirthAndDeath,Stroke_Ind,Decimal,N,"Favorable indicator, death measures, stroke","Data Sources, Definitions, and Notes, Pages 18"
MeasuresOfBirthAndDeath,Min_Stroke,Decimal,N,"Tenth percentile from peer counties, death measures, stroke","Data Sources, Definitions, and Notes, Pages 18"
MeasuresOfBirthAndDeath,Max_Stroke,Decimal,N,"Nintieth percentile from peer counties, death measures, stroke","Data Sources, Definitions, and Notes, Pages 18"
MeasuresOfBirthAndDeath,CI_Min_Stroke,Decimal,N,"Confidence interval lower limit, death measures, stroke","Data Sources, Definitions, and Notes, Pages 18"
MeasuresOfBirthAndDeath,CI_Max_Stroke,Decimal,N,"Confidence interval upper limit, death measures, stroke","Data Sources, Definitions, and Notes, Pages 18"
MeasuresOfBirthAndDeath,Suicide,Decimal,N,"County data, death measures, suicide","Data Sources, Definitions, and Notes, Pages 18"
MeasuresOfBirthAndDeath,Suicide_Ind,Decimal,N,"Favorable indicator, death measures, suicide","Data Sources, Definitions, and Notes, Pages 18"
MeasuresOfBirthAndDeath,Min_Suicide,Decimal,N,"Tenth percentile from peer counties, death measures, suicide","Data Sources, Definitions, and Notes, Pages 18"
MeasuresOfBirthAndDeath,Max_Suicide,Decimal,N,"Nintieth percentile from peer counties, death measures, suicide","Data Sources, Definitions, and Notes, Pages 18"
MeasuresOfBirthAndDeath,CI_Min_Suicide,Decimal,N,"Confidence interval lower limit, death measures, suicide","Data Sources, Definitions, and Notes, Pages 18"
MeasuresOfBirthAndDeath,CI_Max_Suicide,Decimal,N,"Confidence interval upper limit, death measures, suicide","Data Sources, Definitions, and Notes, Pages 18"
MeasuresOfBirthAndDeath,Injury,Decimal,N,"County data, death measures, unintentional injury","Data Sources, Definitions, and Notes, Pages 18"
MeasuresOfBirthAndDeath,Injury_Ind,Decimal,N,"Favorable indicator, death measures, unintentional injury","Data Sources, Definitions, and Notes, Pages 18"
MeasuresOfBirthAndDeath,Min_Injury,Decimal,N,"Tenth percentile from peer counties, death measures, unintentional injury","Data Sources, Definitions, and Notes, Pages 18"
MeasuresOfBirthAndDeath,Max_Injury,Decimal,N,"Nintieth percentile from peer counties, death measures, unintentional injury","Data Sources, Definitions, and Notes, Pages 18"
MeasuresOfBirthAndDeath,CI_Min_Injury,Decimal,N,"Confidence interval lower limit, death measures, unintentional injury","Data Sources, Definitions, and Notes, Pages 18"
MeasuresOfBirthAndDeath,CI_Max_Injury,Decimal,N,"Confidence interval upper limit, death measures, unintentional injury","Data Sources, Definitions, and Notes, Pages 18"
MeasuresOfBirthAndDeath,Total_Births,Decimal,N,"County data, total number of births",
MeasuresOfBirthAndDeath,Total_Deaths,Decimal,N,"County data, total number of deaths",
MeasuresOfBirthAndDeath,MOBD_Time_Span,Text,N,Time period of reported data for measures of birth and death,"Data Sources, Definitions, and Notes, Page 8"
RelativeHealthImportance,State_FIPS_Code,Text,N,"Two-digit state identifier, developed by the National Bureau of Standards","Data Sources, Definitions, and Notes, Page 6"
RelativeHealthImportance,County_FIPS_Code,Text,N,"Three-digit county identifier, developed by the National Bureau of Standards","Data Sources, Definitions, and Notes, Page 6"
RelativeHealthImportance,CHSI_County_Name,Text,N,Name of county,
RelativeHealthImportance,CHSI_State_Name,Text,N,Name of State or District of Columbia,
RelativeHealthImportance,CHSI_State_Abbr,Text,N,Two-character postal abbreviation for state name,
RelativeHealthImportance,Strata_ID_Number,Integer,N,CHSI Peer County Stratum Number,"Data Sources, Definitions, and Notes, Pages 6-8"
RelativeHealthImportance,RHI_LBW_Ind,Integer,N,"Relative health indicator, low birth wt. (<2500 g)","Data Sources, Definitions, and Notes, Page 19-20"
RelativeHealthImportance,RHI_VLBW_Ind,Integer,N,"Relative health indicator, very low birth wt. (<1500 g)","Data Sources, Definitions, and Notes, Page 19-20"
RelativeHealthImportance,RHI_Premature_Ind,Integer,N,"Relative health indicator, premature births (<37 weeks)","Data Sources, Definitions, and Notes, Page 19-20"
RelativeHealthImportance,RHI_Under_18_Ind,Integer,N,"Relative health indicator,  births to women under 18","Data Sources, Definitions, and Notes, Page 19-20"
RelativeHealthImportance,RHI_Over_40_Ind,Integer,N,"Relative health indicator, births to women over 40","Data Sources, Definitions, and Notes, Page 19-20"
RelativeHealthImportance,RHI_Unmarried_Ind,Integer,N,"Relative health indicator, births to unmarried women","Data Sources, Definitions, and Notes, Page 19-20"
RelativeHealthImportance,RHI_Late_Care_Ind,Integer,N,"Relative health indicator, no care in first trimester","Data Sources, Definitions, and Notes, Page 19-20"
RelativeHealthImportance,RHI_Infant_Mortality_Ind,Integer,N,"Relative health indicator, infant mortality","Data Sources, Definitions, and Notes, Page 19-20"
RelativeHealthImportance,RHI_IM_Wh_Non_Hisp_Ind,Integer,N,"Relative health indicator, White non Hispanic infant mortality","Data Sources, Definitions, and Notes, Page 19-20"
RelativeHealthImportance,RHI_IM_Bl_Non_Hisp_Ind,Integer,N,"Relative health indicator, Black non Hispanic infant mortality","Data Sources, Definitions, and Notes, Page 19-20"
RelativeHealthImportance,RHI_IM_Hisp_Ind,Integer,N,"Relative health indicator, Hispanic infant mortality","Data Sources, Definitions, and Notes, Page 19-20"
RelativeHealthImportance,RHI_IM_Neonatal_Ind,Integer,N,"Relative health indicator, neonatal infant mortality","Data Sources, Definitions, and Notes, Page 19-20"
RelativeHealthImportance,RHI_IM_Postneonatal_Ind,Integer,N,"Relative health indicator, post-neonatal infant mortality","Data Sources, Definitions, and Notes, Page 19-20"
RelativeHealthImportance,RHI_Brst_Cancer_Ind,Integer,N,"Relative health indicator, breast cancer (female)","Data Sources, Definitions, and Notes, Page 19-20"
RelativeHealthImportance,RHI_Col_Cancer_Ind,Integer,N,"Relative health indicator, colon cancer","Data Sources, Definitions, and Notes, Page 19-20"
RelativeHealthImportance,RHI_CHD_Ind,Integer,N,"Relative health indicator, coronary heart disease","Data Sources, Definitions, and Notes, Page 19-20"
RelativeHealthImportance,RHI_Homicide_Ind,Integer,N,"Relative health indicator, homicide","Data Sources, Definitions, and Notes, Page 19-20"
RelativeHealthImportance,RHI_Lung_Cancer_Ind,Integer,N,"Relative health indicator, lung cancer","Data Sources, Definitions, and Notes, Page 19-20"
RelativeHealthImportance,RHI_MVA_Ind,Integer,N,"Relative health indicator, motor vehicle injuries","Data Sources, Definitions, and Notes, Page 19-20"
RelativeHealthImportance,RHI_Stroke_Ind,Integer,N,"Relative health indicator, stroke","Data Sources, Definitions, and Notes, Page 19-20"
RelativeHealthImportance,RHI_Suicide_Ind,Integer,N,"Relative health indicator, suicide","Data Sources, Definitions, and Notes, Page 19-20"
RelativeHealthImportance,RHI_Injury_Ind,Integer,N,"Relative health indicator, unintentional injury","Data Sources, Definitions, and Notes, Page 19-20"
VunerablePopsAndEnvHealth,State_FIPS_Code,Text,N,"Two-digit state identifier, developed by the National Bureau of Standards","Data Sources, Definitions, and Notes, Page 6"
VunerablePopsAndEnvHealth,County_FIPS_Code,Text,N,"Three-digit county identifier, developed by the National Bureau of Standards","Data Sources, Definitions, and Notes, Page 6"
VunerablePopsAndEnvHealth,CHSI_County_Name,Text,N,Name of county,
VunerablePopsAndEnvHealth,CHSI_State_Name,Text,N,Name of State or District of Columbia,
VunerablePopsAndEnvHealth,CHSI_State_Abbr,Text,N,Two-character postal abbreviation for state name,
VunerablePopsAndEnvHealth,Strata_ID_Number,Integer,N,CHSI Peer County Stratum Number,"Data Sources, Definitions, and Notes, Pages 6-8"
VunerablePopsAndEnvHealth,No_HS_Diploma,Integer,N,"County data, no high school diploma (among adults age 25 and older)","Data Sources, Definitions, and Notes, Page 20-22"
VunerablePopsAndEnvHealth,Unemployed,Integer,N,"County data, unemployed","Data Sources, Definitions, and Notes, Page 20-22"
VunerablePopsAndEnvHealth,Sev_Work_Disabled,Integer,N,"County data, severely work disabled","Data Sources, Definitions, and Notes, Page 20-22"
VunerablePopsAndEnvHealth,Major_Depression,Integer,N,"County data, major depression","Data Sources, Definitions, and Notes, Page 20-22"
VunerablePopsAndEnvHealth,Recent_Drug_Use,Integer,N,"County data, recent drug users (within past month)","Data Sources, Definitions, and Notes, Page 20-22"
VunerablePopsAndEnvHealth,Ecol_Rpt,Integer,N,"County data, E.coli reported cases","Data Sources, Definitions, and Notes, Pages 23-24"
VunerablePopsAndEnvHealth,Ecol_Rpt_Ind,Integer,N,"Favorable indicator, E.coli","Data Sources, Definitions, and Notes, Pages 23-24"
VunerablePopsAndEnvHealth,Ecol_Exp,Integer,N,"County data, E.coli expected cases","Data Sources, Definitions, and Notes, Pages 23-24"
VunerablePopsAndEnvHealth,Salm_Rpt,Integer,N,"County data, Salmonella reported cases","Data Sources, Definitions, and Notes, Pages 23-24"
VunerablePopsAndEnvHealth,Salm_Rpt_Ind,Integer,N,"Favorable indicator, Salmonella","Data Sources, Definitions, and Notes, Pages 23-24"
VunerablePopsAndEnvHealth,Salm_Exp,Integer,N,"County data, Salmonella expected cases","Data Sources, Definitions, and Notes, Pages 23-24"
VunerablePopsAndEnvHealth,Shig_Rpt,Integer,N,"County data, Shigella reported cases","Data Sources, Definitions, and Notes, Pages 23-24"
VunerablePopsAndEnvHealth,Shig_Rpt_Ind,Integer,N,"Favorable indicator, Shigella","Data Sources, Definitions, and Notes, Pages 23-24"
VunerablePopsAndEnvHealth,Shig_Exp,Integer,N,"County data, Shigella expected cases","Data Sources, Definitions, and Notes, Pages 23-24"
VunerablePopsAndEnvHealth,Toxic_Chem,Integer,N,"County data, toxic chemicals released annually","Data Sources, Definitions, and Notes, Page 24"
VunerablePopsAndEnvHealth,Carbon_Monoxide_Ind,Integer,N,"Air quality standard indicator, carbon monoxide","Data Sources, Definitions, and Notes, Page 25"
VunerablePopsAndEnvHealth,Nitrogen_Dioxide_Ind,Integer,N,"Air quality standard indicator, nitrogen dioxide","Data Sources, Definitions, and Notes, Page 25"
VunerablePopsAndEnvHealth,Sulfur_Dioxide_Ind,Integer,N,"Air quality standard indicator, sulfur dioxide","Data Sources, Definitions, and Notes, Page 25"
VunerablePopsAndEnvHealth,Ozone_Ind,Integer,N,"Air quality standard indicator, ozone","Data Sources, Definitions, and Notes, Page 25"
VunerablePopsAndEnvHealth,Particulate_Matter_Ind,Integer,N,"Air quality standard indicator, particulate matter","Data Sources, Definitions, and Notes, Page 25"
VunerablePopsAndEnvHealth,Lead_Ind,Integer,N,"Air quality standard indicator, lead","Data Sources, Definitions, and Notes, Page 25"
VunerablePopsAndEnvHealth,EH_Time_Span,Text,N,Time period of reported data for infectious disease in the environmental health,"Data Sources, Definitions, and Notes, Page 8"
PreventiveServicesUse,State_FIPS_Code,Text,N,"Two-digit state identifier, developed by the National Bureau of Standards","Data Sources, Definitions, and Notes, Page 6"
PreventiveServicesUse,County_FIPS_Code,Text,N,"Three-digit county identifier, developed by the National Bureau of Standards","Data Sources, Definitions, and Notes, Page 6"
PreventiveServicesUse,CHSI_County_Name,Text,N,Name of county,
PreventiveServicesUse,CHSI_State_Name,Text,N,Name of State or District of Columbia,
PreventiveServicesUse,CHSI_State_Abbr,Text,N,Two-character postal abbreviation for state name,
PreventiveServicesUse,Strata_ID_Number,Integer,N,CHSI Peer County Stratum Number,"Data Sources, Definitions, and Notes, Pages 6-8"
PreventiveServicesUse,FluB_Rpt,Integer,N,"County data, Haemophilus Influenzae B reported cases","Data Sources, Definitions, and Notes, Pages 26"
PreventiveServicesUse,FluB_Ind,Integer,N,"Favorable indicator, Haemophilus Influenzae B","Data Sources, Definitions, and Notes, Pages 26"
PreventiveServicesUse,FluB_Exp,Integer,N,"County data, Haemophilus Influenzae B expected cases","Data Sources, Definitions, and Notes, Pages 26"
PreventiveServicesUse,HepA_Rpt,Integer,N,"County data, Hepatitis A reported cases","Data Sources, Definitions, and Notes, Pages 26"
PreventiveServicesUse,HepA_Ind,Integer,N,"Favorable indicator, Hepatitis A","Data Sources, Definitions, and Notes, Pages 26"
PreventiveServicesUse,HepA_Exp,Integer,N,"County data, Hepatitis A expected cases","Data Sources, Definitions, and Notes, Pages 26"
PreventiveServicesUse,HepB_Rpt,Integer,N,"County data, Hepatitis B reported cases","Data Sources, Definitions, and Notes, Pages 26"
PreventiveServicesUse,HepB_Ind,Integer,N,"Favorable indicator, Hepatitis B","Data Sources, Definitions, and Notes, Pages 26"
PreventiveServicesUse,HepB_Exp,Integer,N,"County data, Hepatitis B expected cases","Data Sources, Definitions, and Notes, Pages 26"
PreventiveServicesUse,Meas_Rpt,Integer,N,"County data, Measles reported cases","Data Sources, Definitions, and Notes, Pages 26"
PreventiveServicesUse,Meas_Ind,Integer,N,"Favorable indicator, Measles","Data Sources, Definitions, and Notes, Pages 26"
PreventiveServicesUse,Meas_Exp,Integer,N,"County data, Measles expected cases","Data Sources, Definitions, and Notes, Pages 26"
PreventiveServicesUse,Pert_Rpt,Integer,N,"County data, Pertussis reported cases","Data Sources, Definitions, and Notes, Pages 26"
PreventiveServicesUse,Pert_Ind,Integer,N,"Favorable indicator, Pertussis","Data Sources, Definitions, and Notes, Pages 26"
PreventiveServicesUse,Pert_Exp,Integer,N,"County data, Pertussis expected cases","Data Sources, Definitions, and Notes, Pages 26"
PreventiveServicesUse,CRS_Rpt,Integer,N,"County data, Congenital Rubella Syndrome reported cases","Data Sources, Definitions, and Notes, Pages 26"
PreventiveServicesUse,CRS_Ind,Integer,N,"Favorable indicator, Congenital Rubella Syndrome","Data Sources, Definitions, and Notes, Pages 26"
PreventiveServicesUse,CRS_Exp,Integer,N,"County data, Congenital Rubella Syndrome expected cases","Data Sources, Definitions, and Notes, Pages 26"
PreventiveServicesUse,Syphilis_Rpt,Integer,N,"County data, Syphilis reported cases","Data Sources, Definitions, and Notes, Pages 26"
PreventiveServicesUse,Syphilis_Ind,Integer,N,"Favorable indicator, Syphilis","Data Sources, Definitions, and Notes, Pages 26"
PreventiveServicesUse,Syphilis_Exp,Integer,N,"County data, Syphilis expected cases","Data Sources, Definitions, and Notes, Pages 26"
PreventiveServicesUse,ID_Time_Span,Text,N,Time period of reported data for infectious disease cases in the preventive services use,"Data Sources, Definitions, and Notes, Page 8"
PreventiveServicesUse,Pap_Smear,Decimal,Y,"County data, pap smears (18+)","Data Sources, Definitions, and Notes, Page 27"
PreventiveServicesUse,CI_Min_Pap_Smear,Decimal,Y,"Confidence interval lower limit, pap smears (18+)","Data Sources, Definitions, and Notes, Page 27"
PreventiveServicesUse,CI_Max_Pap_Smear,Decimal,Y,"Confidence interval upper limit, pap smears (18+)","Data Sources, Definitions, and Notes, Page 27"
PreventiveServicesUse,Mammogram,Decimal,Y,"County data, mammography (50+)","Data Sources, Definitions, and Notes, Page 27"
PreventiveServicesUse,CI_Min_Mammogram,Decimal,Y,"Confidence interval lower limit, mammography (50+)","Data Sources, Definitions, and Notes, Page 27"
PreventiveServicesUse,CI_Max_Mammogram,Decimal,Y,"Confidence interval upper limit, mammography (50+)","Data Sources, Definitions, and Notes, Page 27"
PreventiveServicesUse,Proctoscopy,Decimal,Y,"County data, sigmoidoscopy (50+)","Data Sources, Definitions, and Notes, Page 27"
PreventiveServicesUse,CI_Min_Proctoscopy,Decimal,Y,"Confidence interval lower limit, sigmoidoscopy (50+)","Data Sources, Definitions, and Notes, Page 27"
PreventiveServicesUse,CI_Max_Proctoscopy,Decimal,Y,"Confidence interval upper limit, sigmoidoscopy (50+)","Data Sources, Definitions, and Notes, Page 27"
PreventiveServicesUse,Pneumo_Vax,Decimal,Y,"County data, pneumonia vaccine (65+)","Data Sources, Definitions, and Notes, Page 27"
PreventiveServicesUse,CI_Min_Pneumo_Vax,Decimal,Y,"Confidence interval lower limit, pneumonia vaccine (65+)","Data Sources, Definitions, and Notes, Page 27"
PreventiveServicesUse,CI_Max_Pneumo_Vax,Decimal,Y,"Confidence interval upper limit, pneumonia vaccine (65+)","Data Sources, Definitions, and Notes, Page 27"
PreventiveServicesUse,Flu_Vac,Decimal,Y,"County data, flu vaccine (65+)","Data Sources, Definitions, and Notes, Page 27"
PreventiveServicesUse,CI_Min_Flu_Vac,Decimal,Y,"Confidence interval lower limit, flu vaccine (65+)","Data Sources, Definitions, and Notes, Page 27"
PreventiveServicesUse,CI_Max_Flu_Vac,Decimal,Y,"Confidence interval upper limit, flu vaccine (65+)","Data Sources, Definitions, and Notes, Page 27"
RiskFactorsAndAccessToCare,State_FIPS_Code,Text,N,"Two-digit state identifier, developed by the National Bureau of Standards","Data Sources, Definitions, and Notes, Page 6"
RiskFactorsAndAccessToCare,County_FIPS_Code,Text,N,"Three-digit county identifier, developed by the National Bureau of Standards","Data Sources, Definitions, and Notes, Page 6"
RiskFactorsAndAccessToCare,CHSI_County_Name,Text,N,Name of county,
RiskFactorsAndAccessToCare,CHSI_State_Name,Text,N,Name of State or District of Columbia,
RiskFactorsAndAccessToCare,CHSI_State_Abbr,Text,N,Two-character postal abbreviation for state name,
RiskFactorsAndAccessToCare,Strata_ID_Number,Integer,N,CHSI Peer County Stratum Number,"Data Sources, Definitions, and Notes, Pages 6-8"
RiskFactorsAndAccessToCare,No_Exercise,Decimal,Y,"County data, no exercise","Data Sources, Definitions, and Notes, Page 28-29"
RiskFactorsAndAccessToCare,CI_Min_No_Exercise,Decimal,Y,"Confidence interval lower limit, no exercise","Data Sources, Definitions, and Notes, Page 28-29"
RiskFactorsAndAccessToCare,CI_Max_No_Exercise,Decimal,Y,"Confidence interval upper limit, no exercise","Data Sources, Definitions, and Notes, Page 28-29"
RiskFactorsAndAccessToCare,Few_Fruit_Veg,Decimal,Y,"County data, few fruits/vegetables","Data Sources, Definitions, and Notes, Page 28-29"
RiskFactorsAndAccessToCare,CI_Min_Fruit_Veg,Decimal,Y,"Confidence interval lower limit, few fruits/vegetables","Data Sources, Definitions, and Notes, Page 28-29"
RiskFactorsAndAccessToCare,CI_Max_Fruit_Veg,Decimal,Y,"Confidence interval upper limit, few fruits/vegetables","Data Sources, Definitions, and Notes, Page 28-29"
RiskFactorsAndAccessToCare,Obesity,Decimal,Y,"County data, obesity","Data Sources, Definitions, and Notes, Page 28-29"
RiskFactorsAndAccessToCare,CI_Min_Obesity,Decimal,Y,"Confidence interval lower limit, obesity","Data Sources, Definitions, and Notes, Page 28-29"
RiskFactorsAndAccessToCare,CI_Max_Obesity,Decimal,Y,"Confidence interval upper limit, obesity","Data Sources, Definitions, and Notes, Page 28-29"
RiskFactorsAndAccessToCare,High_Blood_Pres,Decimal,Y,"County data, high blood pressure","Data Sources, Definitions, and Notes, Page 28-29"
RiskFactorsAndAccessToCare,CI_Min_High_Blood_Pres,Decimal,Y,"Confidence interval lower limit, high blood pressure","Data Sources, Definitions, and Notes, Page 28-29"
RiskFactorsAndAccessToCare,CI_Max_High_Blood_Pres,Decimal,Y,"Confidence interval upper limit, high blood pressure","Data Sources, Definitions, and Notes, Page 28-29"
RiskFactorsAndAccessToCare,Smoker,Decimal,Y,"County data, smoker","Data Sources, Definitions, and Notes, Page 28-29"
RiskFactorsAndAccessToCare,CI_Min_Smoker,Decimal,Y,"Confidence interval lower limit, smoker","Data Sources, Definitions, and Notes, Page 28-29"
RiskFactorsAndAccessToCare,CI_Max_Smoker,Decimal,Y,"Confidence interval upper limit, smoker","Data Sources, Definitions, and Notes, Page 28-29"
RiskFactorsAndAccessToCare,Diabetes,Decimal,Y,"County data, diabetes","Data Sources, Definitions, and Notes, Page 28-29"
RiskFactorsAndAccessToCare,CI_Min_Diabetes,Decimal,Y,"Confidence interval lower limit, diabetes","Data Sources, Definitions, and Notes, Page 28-29"
RiskFactorsAndAccessToCare,CI_Max_Diabetes,Decimal,Y,"Confidence interval upper limit, diabetes","Data Sources, Definitions, and Notes, Page 28-29"
RiskFactorsAndAccessToCare,Uninsured,Integer,N,"County data, uninsured individuals","Data Sources, Definitions, and Notes, Page 29"
RiskFactorsAndAccessToCare,Elderly_Medicare,Integer,N,"County data, medicare beneficiaries, elderly (age 65+)","Data Sources, Definitions, and Notes, Page 29"
RiskFactorsAndAccessToCare,Disabled_Medicare,Integer,N,"County data, medicare beneficiaries, disabled","Data Sources, Definitions, and Notes, Page 29"
RiskFactorsAndAccessToCare,Prim_Care_Phys_Rate,Decimal,N,"County data, primary care physicians per 100,000 pop.","Data Sources, Definitions, and Notes, Page 30"
RiskFactorsAndAccessToCare,Dentist_Rate,Decimal,N,"County data, dentists per 100,000 pop.","Data Sources, Definitions, and Notes, Page 30"
RiskFactorsAndAccessToCare,Community_Health_Center_Ind,Integer,N,Indicator for any Community/Migrant Health Centers located in the county,"Data Sources, Definitions, and Notes, Page 30"
RiskFactorsAndAccessToCare,HPSA_Ind,Integer,N,Indicator for single county designated Health Professional Shortage Area,"Data Sources, Definitions, and Notes, Page 30"
